product_link,name,detail_cate,large_cate,image,price,discount,sale_quantity,rating_star,rating_quantity,describe,seller,seller_star,seller_reviews_quantity,seller_follow
https://tka.tiki.vn/pixel/pixel?data=kdu-UJ-xfm5AEcefT0qF8FGW6gTG_5qGTY0i3SXiFmYx-mmTjiUnfXv4PtSUqQBEjquDnDBdasbX8cg--lHoXOVw5zlNfyQNDfEQRH5_0lmQ5CtO525VG-SlPEkyK8FCoFGTWavrSjnFkFfkv23_6m8oG7g2KnoixozwjBIqE5CNgFaD4Nmfx9fe-LrjgY17Z7BYuOBBAVvxrui08dhcX4FhWc1fSkww6G-5pvzR_A3ux-DdXh4Om93IJjVQKwKbJGKhdzcO-Z_T0A-8LtB77iBVCgaX-MdOtMQrbByt4jSaSDRcI-vfhDK86v4CIPV-TKZtUmoNX-qE8JqCC-l_KHu6fLuo5Xx806qqvGO0rALHy3-nuNdouQzMEgZWZDET_Dbhvx2adEWjAwK_Q7mfQnqwUYB59JBTXgdQgLxBlbAVH_ATzxs3MO0WmZMkrMIQS0mLMzzq_EMlv5tsDSwglpeNV03NKI0grLpsoerhnj6ngqIpncaApquHMUPpv-3ZnRdmExPSOzNUckp187f6l0lMyTQmtF47CawM87MmN_CiGyMgxeI-MFNDcKjgG-E0xfwQJIWbcI7Bw2srDArptdA0keydUsCUEY764xqYX7J-wU0ki0OtxutOz0HUWIjy-v_0YwzPOItC3zG9Aob-CZI4ZLlJm2oQadYWprClxnRPFxur1cWQcyA0XP7iGvo9x_THHbWdhDYi0xbqUkdGW9qBkvkfqeng-w2WKIDOxfIi99ZOxvzIFr9hIEt3Xym1qXCwG2yM4rh3Nkl_eqFNJjNX8z97uHcUAHoAhbM5NYbooFACgUPfPlhJJ1rPI3S6zgt335MM7LtXkpDTHVzoAScPNkgwyYt7k_aQh5AKtwrW7TmMDybnjKAdmwJwKQeaCRWk6kbEhAD13lR3GW7_qmxDyqDlrTRTyuqCpMWDhHZFjCe5maRPnHggquoWo3fmdMOeu07GWGtxbuCKfcZI7gRugg2eMsMZ46NBS0MHSvlFIqgf5pJXmNcUbn3NL0VeDeux1WpJiX6sK9W0qT_ZZW_HQ7Y1X9W6xFKeE-DOY-A7bX2KNdSMP46z17qh4Dd8ZP7Na-1xmktsxkIDMoZKwkeZpcKl9PTjn_CAHwL9rYcxU66dFdpSwIZogKO2Ve7hM_C7wCqljNtNGYiVGvywGbRKdJpelZ0qaW9Uo7R4H_PHCd_hH1Rmydc-a9dWAHyW5ckFEHFJJBGT3-zqka7Q19USTqo2T2UYwBbuuYjClDO5jaIYZVwrb7bENyOYW1GsaBf5iLfXn779YvLYx2XKFrqBBWtNAxf8HnzsIRNOhZgrHtiC54OrOKZO_VOPwCDz506ozsgCi-lKXj6aOOf_X6ekGlqAykojlM9i5qGkiLD736s9EHBtm1bpVI57aAzNyJNA2EocHmP0tONHhmwTe6YeC7tdYW6IQicIn2eXySBQvmLEi-paFLFREai-Xaz-J0FwJhg2bXS6wJNNfF76ebN5kuKuG-p9kqMCse3zr5zp0GBecw&reqid=zq8kpccSjB2EPwPm&type=CLICK&pos=1,Sách - Chiến Quốc Sách (Lưu Hương) - SBOOKS,Triết Học phương Đông,Triết Học,https://salt.tikicdn.com/cache/750x750/ts/product/ef/97/08/329db9a785461393707c7a3f54771916.png,89000,-0.36,,,,,,,,
https://tka.tiki.vn/pixel/pixel?data=UQmKzZEqZXGhmldgYP3UMOkeHCz6RCLC7D3sN7jFgY7afojoCXOethnu3BDuISs0Pyqbh8s1Uia88A1zx2Q3jojooBcSnoyCSXbBhRM5Gee7Pd9kz0TWjjYDxz4RuoF9DqmieqFrZ3TnoIVk3LMIWBocyiqjLKYAUyHBpSEwAUKWwLeU7rDdBVpaaUbUMypB3ruD1JJfyM4pIRTiqkXZOP4OQ5HzF9zugAp6-EWWy_OsmV0W28zBCIk5DZkwEMkdU-k6CiY9G_4Kgv3yG-aEWo_WZEo6CuJR4zi38WhxzJp8J-q9fH6X5u-HzwVh20oWsN8m7XeKCoS_JTKG4EqhllrhsWCbHGgWZd00SLCOffIlYqthBNtW6m8mX_QAL54wrRIWTIBV_p4XeX3Y3dGV51TNHUbJ3KDbEwj-TVre-0ROpww5EghrDG0nJvhpwakKPKTu_FtSNbxWygl4qDkxUh67zGO-jlsmgk-RpZMaS6VfXcEl1bvq6QZB6H5JvaeKVvNtPCWeFhmZys6x1RHu5ZpW8xFUNFOA34UWBjrn7HL4f4FpDJLQqvrtrax44omruQMGOVCSnmNvqixVkVfnQMdgJcbvnSvqnw005KvTaDJlLHXSKTSgD-fuhXB6md91tnA4Ldprsi-i3d4_bxmzHqwPNvQwRLnOUlBre5xi8wpCTwtChHmbzXDb795D15zidM55VsDMxqS_eElPMrSLXL7uAYuD8vIGFHtmtWc0xAc0pac8dmKvN6ZV8XZtOMO1nzhUjvjbQNZx1E7mh3OIbKpN7Nn0a4BMctsdjZng_YA4Cx-CS85QRvd3WOK8fNogCDkiev83NUoacxI_CDS_fL-vsUQEdVX4HUeyrBmKw1qeeGinKWQP1QLT-t4unEQGClcJWHZyPWBs1BolkTKnSV_BUZpI-U0iwcmZsHzIxDCABBfrI6YCaYxdYdbiWwmiNX-0XfBFR2PVMGJGfkr4x__HbDhIUgDVTV08900c7S3RhXFX-2xRVnZKqV2g-c2oGlkiAkzliBvm3ujgULlutGeN57YuWAYIGIVXBh190taAfiKTqosvtJDCw99s334e42N_VWH6CpVV5nEgUIrcqTShIhGyGYWSPE07uG9N222gEV_KPS3jaeMz8VEop41TGXwxRC0lpFBBh3D6M0o2OJBoPckwQQwDRE9mTRAND7h-pz2fHygAZA05z51i9j-WZ7vtP2_wIwDg2d_vsVQPeu5ArL8DkHoa7tHJUrPYEVMkYAmb7CphzINnNdrlgG_m2X74N_oTluYzDeJLyYcXXARNv9JzzdTfYAg93M3DLOqPzrfUINmsTOL9vfrIE9PyANf-lSEwAb0Jvrl18_8FokiPzR5rsQcB-vGxbmTEHuMlxKNX5IDGkCPXfcvykw4L1LWQzi8ZuUfZQ62PcrQnmmvepqS5Q5NBfgMq1upWqj3-So8_AHESFuh-n-s5qXmEWhGjoPcBo1JmWFRp4_nTtHOW-YM-hTrCSWmZiVmkA0ttmD4r6BqM03Gu-RtQEcvL_L0TE0798O3WUBcCvidQAhlmKlVf1dMImwCK9g&reqid=zq8kpccSjB2EPwPm&type=CLICK&pos=2,Hai số phận (bìa cứng),Tiểu Thuyết Phương Tây,Tiểu Thuyết,https://salt.tikicdn.com/cache/750x750/ts/product/f5/f8/63/3af8234a91118f5df5b4ecc951c744fc.jpg,145000,-0.38,1.0,5.0,183.0,,,,,
https://tka.tiki.vn/pixel/pixel?data=Az9RRCfXu1M0d58R9rig1Twy7h2bIxMIm9fJuzPM--rhDq0phMGAnE3VYZdFaKjGmBDwV4Vpu6PWfYRQ3OUKpR6SdKrgdrK5hOdaVaqFnEGNMvniXIao0_TgIYBIyG20e8Hr8dtpDevVyrpt3Eg-pajHaOTDu4FaSp2gopod2lW85qvYCCs85PIOh4MWBjwtHNbcdp5R0FZWVj_HUyRY-bSiFB5cQCZr0ZAOPuAbvvEurnE3964tPIjCUQB9hGhj2cRLuSd-MAiOOsfur_ezlkkvHYCPSDYW850ZDvozYzOlbF1e8NSvesP9smLqwvXkvXqrauSy6g4f92fc8TDXXdRZj_y2MrZn7BQIAQQLXUvaTcWpE0lgH31z5ZvmYpuV_O1turfvxiJcpKrkr1S2G2agPc58LdgNHrw7_IWD0-i6L4_Jlz1AxK5g2NNBcGbvcuM9JKzEPkXK0XAZwlWq7Iv7ONhYjUuMyrYuTCuOIbz-UGpRTlhglU8gmr6W_b-yMLvpm3F_w3PYlkSJNiQTYBKRhKw9_iOcOQBV5CuM9AbR_7KuKekv76GmfX_H42hCy9d96NwzPLZsufgl8TxkAK8Tl4nFKoFJrdPxBJ2IJq9FBWO9yHSYuhLReAokh4y7203-Dj9vwG4tJlNrfkgwKg96HCUcHfbBIT0J5HCH6liGobNEHrhMO6-osDzf33Nx5esO3zzZjl45oCtwvTVSXD9CLyKn2bgP6Dqy3WRm4rDZQsIIvvr49CUWjeU7JolwIZFm7hEt53o8jVh3nqoeTEgazbCHM-tjB903X-hgjhq6J-tUL-KlQXgsmIMvpdKHTAbdqRTboEDBAnTUOljy5Gqr-aprPu7563yPP5eWRMwwpMP2euHo-5bjEn1x5WN6DQX0kATrkPq3NV3n9TkaV2-vyge-gJ9_BXrLhPONG5YcCC7q5Q06Fl8rUNHCsGy4LjDS6Dlq50HwydUmBTs8fkOoJEuOErPIcgzHpt_eoCohJdqrsjHABAMcCwFb4230l3nYN64bLvOaK-d1DIhDPeYJAtz5Sm7OKjLfheJ492hjFTJPbioCAe2KBNfc70tqE6jd6l07Yt5mDJ3V9LWt5uZCJXkygTk_1ObsqHDzMd-_0Mg83b88vb9_iTVOMxOpIGor5UcXe5fysiGbFwz5Tt3HqzcPPVjbGzv5z_FBnXLq0YiDx_las89UdDmX7DVxBtNh3k7cvnyREVzmrzREcKRGoZQc-aNoj_mNccpp69HN6yhX5Q5AY_cmAUbGGedZe5-YSrrP_P6_F7aCb3fr73uB8a6op6wrWodvHaRrJg0A5TVcodJ0Mkug0gfvZmM9p1XT8VrF2Rfw_OVd_cltEnj69yzQ8lKZxXB3tVlxewIb8CikgQAIeDsgtyAG4GMA5h__5ZR-RLLcwT2_g9uV_SKOyllaOw3OtYBhaxWcsN1cpxBr1hBtIQGvVsvOgbfJfd_CuQqhlq7Ckct_fBWEJCtELJ6ddTQlTSLhQkHiJE1xqFHMRRZp_rmsB55rA1E&reqid=zq8kpccSjB2EPwPm&type=CLICK&pos=3,Sách - Hoàng Lê Nhất Thống Chí (Ngô Gia Văn Thái) - SBOOKS,Lịch Sử Việt Nam,Sách Lịch sử,https://salt.tikicdn.com/cache/750x750/ts/product/2e/e5/7a/21893490efc7dd4e8c5f793b806a7bbe.png,89000,-0.36,1.0,,,,,,,
https://tka.tiki.vn/pixel/pixel?data=UMf0Z-5dGE8T6Wcdm9Eg-9cLZTz670uXz-FI5Vem7scUcvo-tVkrD51t1GTWZe0N8--Jroi1iG-V2JQumGY2LqwitG41p6EXxuUvkwMcnl3nncdL0PoyLYzKmmlfhDH3JzzxjCBSrNiuhEIaTVnwU0g8fjb787fWaaP2uOwYY4p_bT6sRKuJdYGUaGnuW7_k1wEY2XMr15PfJa8K3j01_-FPxs9vvHrKfp0Z5wEytaj0qkKxYPJTY7Lsfi7eUQDes4N0_1vVEzXx-eBtNzPFU30vgEp9derE_RqoiLT5x3yxKb5GWiXZ4-GqHKZQPOXnl9KkA8oghsnbSRSm-UWCk4jp7kiVECh2wCEq61TKfyoEGPoDXado9drbAaP_jjkTllgrufQKGFWGbKlKy2IKlw4s28P9YAmNMsKI2vZtNykQznO3-9kSLx8aVxfcWMgXblANUjgstoqtljKzXY-HccmEvL-RpWqeggmCTyA3uS7xZ6Dr-WFTPg8DWsD3cTZtJRyD38YEqUStoakAI7e6LeENMH2lxjNp6FmknUdTSf_01OwlCjcTt9RdGQ-zdnqQx8WFdpOp3hQl5a_U-R5gTu2UrG3T8Mo37E_NHwXKK5I_U9YkjT1W7ZfNxXymHIsXErAEUBGPrCCIFGx5Ac8HJBthxkejO1WUfrJHXE_YuRZKTVqoYs4xGmiucn4798JC-c9-Lmr7cXPGPSnjt4fGqG3sj9gijPTLtUOFjac0JB2TUrMt-JMT29SiLXe8Co1zxCQceWUDL671aKSxLMnyvKN5iddul5D-lhamOPJfCqzcDoFMl6UyOzGFUbqh6cJosGlLmZ0hA8WH_S35ZMudIdG3Mu5Pa5bH1UanTeDkqjBeVjRxhozrYZUu8LxaCctU3SDxpZd3c_H4ddmodZMJ0jCizkGWAyztsmBTkctYOJLeobsjFCCrXyKX7OFjBhrL561qrhEucd1Pf9-Q4LCxvwrOWtrk_2r6ZCef_9h0eJZsgHE0gUPqAr8zTxoDoxg5eHAACEPR75izpXBAYs49DP_JLrTr7hgbXhTQSSpFcwRqGfBEPhvvcjqAdduOwqbp13icv7fj3BNj0eFRghVI0muz_aUcZa6KLQpi2K_Y-TkmNTkPEZQS9wEIZDMr9dAtUSlCuHUXsMZyHqKTImP8TeBn0h8_uNdPkTsYtKBjRzdB1m8Ew6SAuCHmdyAJ7TajnDrWvQil2oXkcQW2GQYhWUTY3wPUSCgad5J2cVu3MYQ2Ge053ZY33xDmNyn9BHqZbtLvnatla5v5YyEjr5i76HbPbvfcAZoJzXatS9j8RqCwSVOIwUW7UsDKZ_GHneZW6i9D8o6meVmNi8gc5hB9DPaqeAvkAUhfzCrHFYOBYiaporxYU6PWUOo2gjAD-m4Y1wA5Egd0xdTV3sD1SdFWCyenu6O10PKr_Y5mXASIsuhQJ1DnPpR4y3rXuTxXIgU&reqid=zq8kpccSjB2EPwPm&type=CLICK&pos=4,Sách Flow - Dòng Chảy,Sách tư duy - Kỹ năng sống,Sách kỹ năng sống,https://salt.tikicdn.com/cache/750x750/ts/product/69/83/61/ccf22defc55170ec40cc80c4fafce321.jpg,177840,-0.22,1.0,5.0,147.0,,,,,
https://tka.tiki.vn/pixel/pixel?data=trroIqg-RoTqvdFGxQc4Gf8Cuo4OTTNt93msggz2CZkpCLUN_Yt1rPYTZ2m2QIA6rpggik5pfsr2vuqQDxu3KG9ModslIDDpB5ssvZKwar9bfyzgqqyKaFEAvyTYqWHdRG4WGhTxS2cA1RNbfVoNJ2PKe8awoUa_J4EnvngV10TU7ek2iesJFcnKNJQ7GQCKiy-CEj1zwKFwZHJ66JHMw30OS9OypIau8mfubfO3h1JSF5xA-QbX8tY2EeRjSSVpXTtq2NWFFUPBE3sVH6M7ktjemwqzE1lTVK08iRqDAScvDD5Ioa20Gpkhk46xLKbwymfy1QRz-dRsZh9Rt3aTx6t-GPfHJKOFM4IpiuHE-hdSKWuqsNKuHK83HR62j1DxvkMwL6bol6xC2HVtlwR6yHKt5cN-wrBXmiMQdgUyNcTDZFtMGe5kGev5Spoj_tU1BAzJy6992yypefdzH1WhPnlJcypskgQkumo3C_fjNugug9J9OiDqeQSveL9cxhMFx3LhMczC8Lce9hLAcGnEj4VAWLU5e8M3uZbrG2cGgQuJNBYHzV8byRo8oRlIZr6WsN_B_bgZzsLFRi0Ahwba417DTxegS2s1h3b5tT58e7rzMc6WloTLD8tYWCjqAo0-c942snpHiWk7qeI3OsYwiVhqAfPGspRsTo3XauFaqLe0LnLgcWGTvJEMbMsL0QsOM2S1Ovz9060ZjOmts3THIZNAdgXP58EYxhuwAm00aul7MXYLp__2GLuZXyFqM7DSykTG6Mx5Htk10_l_qAgrx11Ij-V0kBGxgRdKbB9HdRDXUKjG0qINA9KQ8gambXVMn-r8wGNfO40RAAb4dSXNMzz6iMXY-1GWd-066aTgpBXunyOJgMiDwC6wWqboK8Q_CtklcBvLGORhHJjvky7FSgoebKdyp6i9ZbTWM50DhDKiHCCU7epHB0oVbXnx_9T022cDgakBWahGe4Z-JtnbJv3xuN5yK76EBMAGpstwtIMWOwkt_aRR37717u6Mh7tMzkt-O-QPuGiaRYm2PmC69TAgVWbqIy_a-W5NYxw1DPv9Rp61rW4hFenenFP4Wnsbzfa1ZwgEwrIS36T7v5KmDMrNXiiIdY3bX3WX-se_eu3pLTPYBSUlz8kKGg9ohmybW9FtFH2CVOQIElyOcCyKkHoJQfwPob94kJ8qL74tDe7UJ-QT_u1agyvaiQdGyyxroGeGe7F5HuQzorNVM1zUfJ0Px-NBcEb9l_PzpaUnXU9BrG6PmGZt-6BQ15vcq83m-5_Rv65G2ldHPNkmUC1FiYXgBYtRUPYXuz-KaodXMn28Y729WCZQJnlnZIn_PaIaW34dTclEqeCNpa-DAZhEw4eDNlm9sM8Sf0pRXsxn-LMgLFz0EqJROLS6FGlmjIlJoQgIykMALHV3gaz0lJxbbPXsNbBqCZQsBrgOYk4G4i_t31QcOdWSVWLmnrRh-MambjlZA55jHfTKbe-sqwaH94bprfR3j9opaHZR7DQbVpAED_pQZ522RI1ahUdzSGI8Rr-72BfpJY4HAYGmho7iwCLN8Fg1pA&reqid=zq8kpccSjB2EPwPm&type=CLICK&pos=5,Tiếng Trung Quốc 3 - Sách bài học,Giáo trình Hán ngữ,Sách Học Tiếng Hoa,https://salt.tikicdn.com/cache/750x750/ts/product/29/a7/8b/49ae50c3f3895f4c9cd90a7c71730b18.png,88000,,12.0,4.0,3.0,,,,,
https://tiki.vn/ke-toan-via-he-thuc-hanh-bao-cao-tai-chinh-can-ban-tu-quay-ban-nuoc-chanh-p262977989.html?spid=262977990,Kế Toán Vỉa Hè - Thực Hành Báo Cáo Tài Chính Căn Bản Từ Quầy Bán Nước Chanh,Kế toán,Sách tài chính,https://salt.tikicdn.com/cache/750x750/ts/product/87/08/0e/db4f09b6ee8bc317f097ebcca1933a2d.png,160550,-0.19,13.0,5.0,248.0,,,,,
https://tiki.vn/bup-sen-xanh-p262590428.html?spid=262590431,Búp Sen Xanh,Đạo đức - Kỹ năng sống,Sách thiếu nhi,https://salt.tikicdn.com/cache/750x750/ts/product/0f/f9/70/e273b6980de4f6f550329aafe91578d8.jpg,50500,-0.3,1.0,5.0,86.0,,,,,
https://tiki.vn/suoi-am-mat-troi-p275599939.html?spid=275599940,Sưởi Ấm Mặt Trời: Tập 2 Của Cây Cam Ngọt,Truyện dài,Sách văn học,https://salt.tikicdn.com/cache/750x750/ts/product/b8/41/3c/30ea9e85a0944d7d548b330420333506.jpg,124000,-0.23,978.0,5.0,46.0,,,,,
https://tiki.vn/combo-4-tri-tue-cua-nguoi-xua-dao-ly-nguoi-xua-hieu-nguoi-de-dung-nguoi-co-hoc-tinh-hoa-minh-triet-phuong-dong-p190843478.html?spid=190843479,COMBO 4 - (TRÍ TUỆ CỦA NGƯỜI XƯA - ĐẠO LÝ NGƯỜI XƯA - HIỂU NGƯỜI để DÙNG NGƯỜI - CỔ HỌC TINH HOA) - MINH TRIẾT PHƯƠNG ĐÔNG,Triết Học phương Đông,Triết Học,https://salt.tikicdn.com/cache/750x750/ts/product/30/98/5e/7c8e482cc04dc36ec0185c7a4c85ad5f.jpg,294000,-0.49,2.0,4.8,162.0,,,,,
https://tiki.vn/ly-thuyet-tro-choi-p271379451.html?spid=271379452,Lý Thuyết Trò Chơi,Sách tư duy - Kỹ năng sống,Sách kỹ năng sống,https://salt.tikicdn.com/cache/750x750/ts/product/8a/b6/ba/1d95b88597f28e42d8ca91e3b3ff600f.jpg,126000,-0.3,8.0,4.7,405.0,,,,,
https://tka.tiki.vn/pixel/pixel?data=F_z36RDQaqcgorYG_7Ge8yNK-b0421kIAywRFFF1RcoPxlG-dx2I4Qy_2YkufS3p9T1Hrrr1iKbuDj0cH2nKktFKvNC85TzAJRjCLKc__dc_sLfzFHz_pGXigrsPAN6LJbB-8GwggluDKPioa500PiIf5c5CfRSg0ejgPOaVZTfUIGvsrz0tbyK_fFaV0I5FUg1kuVx2-MGIccD0mN0JgTQrZofs8o4oe7ZumORgRnvPsbvbSS7DX7Ab1thEjgiWm_OcWXrIxRR7z7t-jaNHpQW9HFnuvl6QAXg4rFDNZvlwppHose2H9GbG3URLzgeb3gX0TMkuYNBH-8h5f0WC9ixDi3jxYW8HZ6SQneqrXZ2qF8kyESMRTrp0Mk8mK_LOOVMg-BwXAHJ8P3UjcbGPZlFJEp30LRKUP4zbhQexLYaLnzjkuseAi87q2GRR6-3NyjutpE-Vi2XwiooK-hKuOoZdQK0jbHc12pCOGJ_LhbgnBB4m4vYsMZB0gFStrtze5yUjTWTFHiq_BQpbgFn0Dne89Y4zxbb6IRDi7n6wud64OTIQ7eCUTd6zH-OI611v0DnyN4fpA4A0JdeleaCSL3e8hAEVyOqncbPYritxunmao_elHEFKtj-Z0hR3wW4bnjsG35rtZ8DpLaCpva2B4GDPIoJW_rJbR5GsZdADfW9iKpQ6x6dvUhl2OjLn7nj9gJ-wYDcS-SPh1PsVs-sJMOI_s0yxBE_QQnlWqA0Eo3sROsVzmzzcti1M--qJxnta1wdEMuGbmW3Afg9-9JO17kK7TwrxTNA26RYbFRX0PqHoDT-7PJvsiwjwmsO6ZMXsfGNikVGQ6GKUiNJOJTyDsOE4lKGb30w9C8F_cBY-6Td6mNJu_fzLtBcxW7iCVwuaFDfC4K5m-SqlIYjqkSn1aqFOIr6LrQ0C_yczFpLgv9OI_iXrRxploUUM2Nw8P4qOF6t2NE5Bxj0ykBG4jSas8c3zRXbsrTBlJnST5zggnIvPApBVYw1DTld_BK4zG0w7oeeoJCb4aooG2Vz99rJqc9O2urHTOu2uIJVBKuWGFYELUTuB3TYY945dRjNyVQeUU0mCgO2wzoo9on1bTcjtnv7bYP6I2mTuxufY4qbjO12uidcIIOw-sFyiMHyFx2nzqwEoMk6Aj4NdVq5husD6JmK1oZT8pBoLdbLMarn_cGgKwWyk1PG3VdHjz8I-RkPQa2GG-ivZ0hgY5TAutf_CJEAQt2UjwRxiq3o_V5b_0RHnklpSYBhILWMvxBP5WXr1XWdRDdmJL4DhsMuUk9BUMx1-Nmy7Tkgm3PDkW2E3AuXEckaHeuVU1jkMcJhxbmjhtNVtjq_obNO2YZiQlVSOezXtLtP-QUBd85t-PZGvNBVk-VlByeOgAuf5QmLFWPSAZ-1H5pSw5EzEyeoFJGkoq5JQGcnZFQVIYIbHGXqxV4-pxbUXMeK2GDn0OXykx9MInmxiKISkOyVrabEbZolqbCfMXPnlLIfYpnM6M_9mO7Pxf5V5DUa3isg6yPR8c-Nzhj_mHe72brljphhFqkYo8XF3YeZANgnwPcxK_xmral98XZmfAFlF2wVe-IPjWXBtkNBYaB9C51h9En5logznrhxBwrr_FME9UWalrG7fbRsxmrdzjF2mMDjAZHW2EnmAqiM&reqid=zq8kpccSjB2EPwPm&type=CLICK&pos=11,Sách Mật Mã Sức Khoẻ Hoàn Hảo - Hệ Bạch Huyết - Khởi Nguồn Sự Sống,Kiến Thức Bách Khoa,Sách Kiến Thức Tổng Hợp,https://salt.tikicdn.com/cache/750x750/ts/product/f7/1a/71/6659f1781309a8e6da7ff76112d69bd8.jpeg,228000,-0.05,34.0,4.5,2.0,,,,,
https://tka.tiki.vn/pixel/pixel?data=0_dpY1QCxT3CMgId4fZz637LlVq8J6jUP6cshvXh4RdoAWGXfBLI9h2y5Ak9C2lRM__9LLDkAXIOm5fnc3KGBG-JMZAuhTj3bCzz9fwgdWJnrj4_rd8xVvRQ-ZIQgWa3aADLVJrDSqmKw1xIkC3SpaeVzp7GY1D8bCBhZ7f25sp8U6fwPl2A22qkho4Tl4hJBltG7YNhkbYolWXN69EwUXusX2zxONrS6SQh0F7SlQD2eFZxI6TepRmyPjsA1adVs7wRzFjK50_mSeTS1GByIDoac0AQ6_kh0bwyNfXGntwvoTZ8H4Eu0dIW3hdPR9dhn6Y0mSOUhSJoGgkpwTvRibIDYVIbyXBbq2MheUUsHfGsVs53is2y8Z3rKccQgdId6mWtEZqYhAKQP_fuYq6srybZkRIzKP_g3qdbOFzytT87vyGNnbtMtZJn4h4KXXI3a7UsAAeYruGWnvPeQeEOAgo18frdE5yL8lBYcLs5zLL2I7nVoSCrauOmPjhTdqo8RVnukoaliJq3vQdInjj7Xb2-OPMwT9bWoLPFbeASwTbdYy4QH89_U9CZ0lhhGs5TW4tLGgIXg-O_rLdThUGr3t_UP8CWCmqnc5MLKXJ54SPq9xDFx3uZpYs4kb5KeGA78_J8ELxdKwPzx9MUWrqit2ETWUfhgO9xYpJNcYURqZT0g2S_AmkqWzbVQCwJCNphfxCgEyD6DIOgJ0W2ZHRYF3SU7qoa14h2hJdmSwbfKj83lVvATKI6vvswwwKhrri71IISrDr-KZjg_cxCq22bjK3WaiChwDT5T4_jkreXOLdaF8eqwAwBT8y7xWHrPVCpQn8cx4CHaVYgPkVRMWYYoe4TtwgQknOGAr-VzGfUbZn_qMDPqfT5wwkbSthABrvyyQRlXwX7jcbLPKdRPnRm-TjJHkJZkSlguEx0sK1JeZRs0X6ye1IrUu8Ym_687SBRNskgad1KrgQ_V0vMNBZHTukZXS81gf8uM6pQCySExPucRubrGTerotbqITANUYVnUL5Sju_cj6CR5jxmG5xsq3pX3kr5-AWecStes5HT8Ptl02pQUfWdoerPOJ5GIMCoTzYMS0s1FcgeKrhJ0_0aDPmkfX2cJhAurWNVInKzb-OVvf57DFDSDp1WYbmZd2VHfca8S0bvYaP2c3PVGow18TRC7KsdAJLB1Ks_rq3uDZ1qigP154KTiH0eokMBv31B7CtfQ-pcrAhgTEZwWiG27d9t6FF_BzqF3GqumLPL6Jx3MPgkwl17mMLwlE-BSfgSD-A3HeiL3isrBu9D3fysuXBkgHPfoC1YJv77mmVxBVGRh0TY7n4vC6yPicba9O0EQ_BRjrAdc7kRSYR1GP4Da8Yw2V171vXbPXyrQ1-VjJzIsw9kVdiplZwzMzXnRIIftugJywKJs9yn7m0Utck5r0faPEqIT7OTQu48NsL4syX_JuwcpYoThHXHnva4AOScwfwHLfRQx78ud5Xsf3a5ZiX7t0a5kG0D1O-5P4ifdW8evdjfyslNACvQHJHgv7K4qK1iPPtvJJASAhPPI8BayKaVh7tf4nCD4dVvkg7HYBzehp33SQ&reqid=zq8kpccSjB2EPwPm&type=CLICK&pos=13,Bài Tập Tiếng Anh 8 ( Theo chương trình GDPT Mới - Chân Trời Sáng Tạo -Tặng File Đáp Án),Sách tham khảo cấp II,Sách Tham Khảo,https://salt.tikicdn.com/cache/750x750/ts/product/be/bb/59/b974857ca46ac50959e4cd1d807b8ef2.jpg,94000,-0.28,119.0,5.0,10.0,,,,,
https://tka.tiki.vn/pixel/pixel?data=zHupcze_hjsLKxN_iAF2OlW3ceDaa9ClyLDt6sOQeyNSEXoZgt1fAz5rTdA4wGKdxMKwmh2kCUppHhdGbp1DCzcxET4sqmHN-lQZzBHw8WT0khskmAStTS9fI46_EtNDlHZcaV4MfwcaV_hU8Zm3lMeTShupwjSV9TgrnHKn4lYp-2fhYuWyzqHAdvSu6oajK1_lEss25Qf6lyeFFD0N7JXSJExwJu2B-JUa6oYUahZnkbSDzh-Brrk1lNtKLSlpYYXT-p4ByiGx8uhhsmnFkBwq9NIQT7idTFm2Jx6qCfQnweyOxsGWBzgeJaLBCY0Dlteghw2-RTUk2d16fF03lV9koIPkvia-wG7ZM1r6MVn2_k770Q_ylDRShgP15JrJmI_vZkSOQERlsIWGLaDKKGEkBBoH7GX_YTFVbETK6WuKJqq9QFxwhb_qTdgqUWSt08y6YrXflBkUq3-WA5P_Vk3319uYcVMEd2l8R95uCBY6AxHjRdSFMm0fZmh-MpNXfnmAhlucaVxcYepb6L1EpKqnR_eZbGgPC0okt4ALENVNGG2HHWpHUi0aQgq1G0RRWOqnM6n1vIta0MKD4sMhafc9WkDL_QeQiUEDEP8qHH89g-QkP9RKgRB2lmRp4iDttL5s7X15mXO-4ClkuAB8hBHAvQDAbE40sj4r8YNmmWHO6-KcdVvHbfEtSszPEzjSQd_4LkSPpjio7v0Meld34teVvpCkLJIIMqkBx0AbF40WH1CbkkpNZBudr4gQVjxTbw4GwKknBxrxGBMnj0EVNoyfhDN8BUiN-JvG-B1SMOtY4_XQiffMZjdOyzPNX5CBi_guEFCUYlsJcfXkThzNo4wSrEPLSXlPHtvdmmb2d3bxEIvDML38huIP8y5RmDnSKkbQeluJOe9FU9mu5aUQ2qto3ce_dsnTraa2jKPtc6srgdylBRyo1h-21aYjiSa29xhHJVntjxwIWlJpK7kG9lot2LdeQzW9nmsSFp0mf6wxhRQM9ZoWQ9_s7HFFNXIP0z2Z7TMbZ4cKA1R00zrX0TPMq9fdhRzIjjlwk2reepyCJF8hD9FcrlUQ2t4vvaJUkMKRRuwm4WBsbxRdERy2ydmKKa4JAE-YLZQZfNFABNP52VSLwGqf-mJ1yaxW81fW8R8TH4XJIeTcsX1aMtSoWJWPOHJCzA8DadHtw4WJYSJ0UJXFluG2SthZqz0_TxIZqwUPUGFa0sITGD0rR9HyknrD1h19wR2a5vziHx9qHCkjF6JxcqYqW8XD17q9Ym6lWOcriJwiYwsm0x50tDQchZI2N3QdfTSnRtUa7I2GjhdTV4LO7XoWm0t_8CjOXay0fbCFCkZtV2hF9OMUfTjR4DNsL9U_0phtsemeDEiHxRrncUNefBoWYYqqHgKze3U6iXPxvNAj0ntmom81xd7A1GnZq5R_wttuWjlZpSzcjOm1cej8sYcxZyWsQ_er5jxFX2eLE4H2sbHEXhN6QTXjSQZ2Z2H_arO5eGgv&reqid=zq8kpccSjB2EPwPm&type=CLICK&pos=14,Sách Thành thạo Canva trong 21 ngày - Richdad Loc,Sách kỹ năng làm việc,Sách kinh tế,https://salt.tikicdn.com/cache/750x750/ts/product/87/de/cb/69da7c7825ca201a9312f9f709959f7b.png,293000,-0.02,277.0,4.6,17.0,,,,,
https://tka.tiki.vn/pixel/pixel?data=-SlFi5ptQ6_5BNUMdtSYgXq67CdKEszwtJrTmfNyXUfO4D_ahJdVq28f0FpKCc2xSdXcOTwq5zjNRK4gON3C3KmMxoxmQPdHVfhsZmfsaKU7xSnkBFrrkaJoK0-Y558eFNIgsC-emwBnInMhv92ewl3QBQNPvdjvrNyT3djGDHOzNQUT9b2pCEuRuOKpxZsbS2QohT6zhZQFENpqLHrw5zkdupAlShSIWVkivL7itQoa0tLv35Djp_L2QN9VpMIppuXriyPtDGctfOu1_iBa0cWGLFCb4bBEJYjH4Czo8VEp4gV-GPwUnuJHw5XWwcmiRIx64YVe4OMTHWGVEW9LNHd13eBe5CAyxwJF0IHgZhkUxaHuOZe25vV_D_7HTr0_m9DHjFP-zRYhH5XLxZ0bsUEyqiDd3K5FC3TuEuXt4U-fxaroTaCFF9t0MQ5mdi6xzEEbsZmJ_IEsEndjbYMWURAYXW_8JXEirG4C0asYmQnm2EUfURNFe6cnkCodoYkVgon-or5zOXcRltmSi6nNkD8TGGHHqU3uYNBby3z20MrnKiIS4iiadToyDkLGVlr3vTZI9YJH6j6WixfVs9VZUfNzA3D0Txzbdt32-ZQDLntppi4Wx7oCECaxgPUWbkuLOnGSEP-IkmNJBW9W7G9vRieOL7rxqtCccqmShtrlaguBGtwvELeeXQBMWJxx72O2dXM5L-IyQFUf1j1HVgTkBQn9FNOSNrz5afnCzag21i43hpwDms0Q2h4dteLPrBVss4PV2rkzm2TTofNBev7J6RILj3U_QvbDTBXAHS6G7rfOKBdFL8cUFJDjXB4Wo8e8X8IRMEW2fHIsWpffxmvYUkxMahs8SE0h82d2wuwS4ozTQY1IPVmyFjSZcSwxCOPay16Blc7Y70-sVnLbv1sBzcs5jA1qtWA81VXi9_uVixHrnoC7qovknfl3HueFay0wQn3x2iZqAsXKtb8Q3GY43Pdrvc209W3uSqcj7mLUWsSmhNoZDZGGtzTIDTPo72g3NFx8A4riUx7SdTYQcgqfIVTrGdDdVNQkVsgJTSuSGRiODRIdfo1FeS0y2UF7hehWAVOrIMZVf7krMb-2A9jCUgYh6Y33EClmFl_opqJNUE47nBlmmnGqJ_sf5p6WV-V8Brw4jBS1iSsDYYMt1B70tYLkC1XZh-n_DCHkhaVoBCPxmkUQjRvw_TOMMiyWMTJPj792p7SaQKDoeqBIi0O6C8Ub1tfFYgNXZGsSC7b3IlzpcSqWvJFSbRkUMqEZpW66y_Os_s4cg2tu8U-iLgixdhPbafQfWW6KK__kzRDyIlUv7kn7y7zn0_o_kh4WrOKBmXGMvVjnRS36-d0Qiqs6nroE2u9YcLz7LEgFSt8ijv3tCyHU0eZtabJ12Yl761xDQnwFuU1fbhHrBMF1cmRW8dydNSOG3uXyb8cINRYMnJOlg5XRFP3nsdu9GTk7HjH71BdVnvE9NyddjrqcPaIODH7iac_Zs8tEQ4-QIMOc8UhxfUiFp-QoR8mS29o0tnE2zhX-rw-5q_l6nJaqyqJLGQCZOA6PxSBAfsuPtSYYZ-bJivySr5koZxcylYxRq26oPFBWhV_cCCGcdwiUFYQJ2ka-5QAUlqXvpgmQBYxhRF-8ZLKlDi4-IOHE&reqid=zq8kpccSjB2EPwPm&type=CLICK&pos=15,Bí Quyết Khởi Nghiệp Kinh Doanh Và Quản Lý Quán Cà Phê Từ A-Z,Sách khởi nghiệp,Sách kinh tế,https://salt.tikicdn.com/cache/750x750/ts/product/9b/79/54/c4c874fc3e5b10bb1a58a3cb4b980863.jpg,219000,,73.0,5.0,1.0,,,,,
https://tiki.vn/noi-chuyen-la-ban-nang-giu-mieng-la-tu-duong-im-lang-la-tri-tue-p273844986.html?spid=212356653,"Nói Chuyện Là Bản Năng, Giữ Miệng Là Tu Dưỡng, Im Lặng Là Trí Tuệ",Kỹ Năng Giao Tiếp,Sách kỹ năng mềm,https://salt.tikicdn.com/cache/750x750/ts/product/20/15/db/3c50fc06da7b72d97358842f9b08cd71.jpg,140000,-0.26,6.0,4.8,350.0,,,,,
https://tiki.vn/chem-tieng-anh-khong-can-dong-nao-tac-gia-vu-vi-binh-bino-chem-tieng-anh-phien-ban-dac-biet-p274638593.html?spid=274638594,Chém Tiếng Anh Không Cần Động Não - Tác giả Vũ Vi Bình (Bino Chém tiếng anh) - Phiên bản đặc biệt,Sách Học Tiếng Anh,Sách Học Ngoại Ngữ,https://salt.tikicdn.com/cache/750x750/ts/product/ab/8f/ab/091072edd8b3a637c2c416d2b3c3f6a7.jpg,117000,-0.31,1.0,4.8,54.0,,,,,
https://tiki.vn/giai-ma-hooc-mon-dopamine-p263070154.html?spid=263070155,Giải mã Hoóc-môn Dopamine,Sách tư duy - Kỹ năng sống,Sách kỹ năng sống,https://salt.tikicdn.com/cache/750x750/ts/product/71/9d/f6/034e4969a68181a0f850cdfa24503e0c.jpg,129000,-0.35,1.0,5.0,76.0,,,,,
https://tiki.vn/chia-se-tu-trai-tim-p275264393.html?spid=275264394,Chia sẻ từ trái tim,Nghệ thuật sống,Sách kỹ năng mềm,https://salt.tikicdn.com/cache/750x750/ts/product/db/05/6d/09009d3a56bfc7f4c2415bc0b36ea97a.jpg,121000,-0.28,2.0,5.0,91.0,,,,,
https://tiki.vn/thay-doi-ti-hon-hieu-qua-bat-ngo-atomic-habits-tai-ban-lan-4-p170708233.html?spid=170708234,Thay Đổi Tí Hon - Hiệu Quả Bất Ngờ Atomic Habits (Tái Bản Lần 4),Sách tư duy - Kỹ năng sống,Sách kỹ năng sống,https://salt.tikicdn.com/cache/750x750/ts/product/10/01/7a/d7d57affcfba13e7f75d74d1e858e41e.jpg,140000,-0.26,8.0,4.8,727.0,,,,,
https://tka.tiki.vn/pixel/pixel?data=gANvhUny0L-LjT77iKYDnmwk-GcmxJpV5LWw4CRZ2_zsGUlUkZ4XqTPhw34PUROcsy4OOc8I_WoNh_yV3uD3bb6tD8qldcsd4kIKDR6Iypd0NzdLINj9bhpJ9bqBX12FuMX-wt9dut5oKyBKNVvf3J1csYkHdz4jdnj9JVwzrdYmx_dQMCohkB-x1vPbWhdQvctf6eDC9IeNYPuDU5ZlVbvhViHtQnSburcGOu3w66iK3oYHqwbU5mo6QkffS4VPnK84ncCAbf5PYQmnivILg5TRWtCu1wBdjTKc1nyqCRTkNpZAwVimAiWq6LXoisolEOUzeLENs0K9NKarUpAoru368Co2py4TR9HFm7HAcFlMYzjNssqObHkDQECRlTeunlbGnl-bX6EuqSYxzVhzwqVwDEdMPoqNFB9oSDJNVMHcLzgnZ0ah2rzc5lm1OPp2Pq5JZ550alhrQpXdJ5Hj2Ici3SJNGH_kkUm45UlwSjJyZ8MIr2gCcfrIsYqoGa0xV2RwE8bC1m06NscXTg18XP6wAJ5P8vYNyJgVuDiFzQsaD79Zqay_j-f7ezM9-ZHeLIaMJbxzClcVGtw0baHNjFHhUmMS_NiMEPs3XHM12eLJV76ns8m09nSB3WAulyTGPc3D98oWXke-1qKbuMjDrWzS_xhsz-AQ7Ml6wXF08HRT-8FuHp8jPDqogMuk0pqP9kGErp9iYoXTbllVLoaucKWzfIw9MgoT0nURct1WbLu_Cr418mck6a9q3VH6dC-SBfTFFtmO8bMJEBR6QbM3RLhgNM1bfFiYjYivkniFhqmjpvLtf9aVxjRxRT__yZEwBrk255ssN3aOlllBxdaLhhqi4yuJvRNlcbfEKL7WOueZ2BBIt11YaYyfWWs0W8baTnRCNa8w_c2XKSR7tAsrLFvkgflNHl4nsfuMUE8IEBTpgX8r4jLtHn4suQMBHgztflpwGcb3TcJycTzOX5Tl0Aa3bA3wW1l0sO0D9I-c_9PEAus20GNSZdT2SS09VG29aG-rpPMTBdrFFts8RVureKiWdsbWMLUsq_R1Jlt6ck-QM8iastwY1zsE5YHtswHmH8Bn0uLjJrDj6Y_qfbpWieUBdky9BzJTOQhnKM7B1ExF_Pxz8OtUSZvrMwk0XrUy2n_0tC9iL-Aw6eAh94lQc4jUIb403DGDhDtsYXm3X3e6UrH0yaBB1go9FDxxdCL0ZWvxlMjeL2STzQAZTZiq45jmu2I2r_bTgCNrw-kgBLy_IzK_6q6yn1I3epZZLWFJyVpF0DUNUdrla6EiC5-CU0IJwBlueY8kD5lfqEgsnDHpJI-J9FrScE7xeIFwNLplHnenPmsaL78IKqEnUQLCGsgiWDYcvU7qhyVfAtaJQa2IC1-pprWZ6i_NTJq2Ya74enmbSpcG67JGQVeGTw4F2jLoGZu9NfafB5W88Hst778He1DmOj1MnB9tZS-oalkpA3PlrxAJd7LHYdPb8Ug2y5Le0RwB9Q&reqid=zq8kpccSjB2EPwPm&type=CLICK&pos=21,HỘI HỌA TRỪU TƯỢNG,Mỹ thuật - Kiến trúc Thế giới,Mỹ Thuật - Kiến Trúc,https://salt.tikicdn.com/cache/750x750/ts/product/79/d6/11/02b4b3522d8bfea5037a1a691168a1c9.jpg,186000,-0.35,39.0,4.5,2.0,,,,,
https://tka.tiki.vn/pixel/pixel?data=tT_Z50PPP9rM5Tc6VjrHQ__KV0DCZi_Ymkg39UG7bzRtlSlDlQ9JzyS5J2IfwTUPdDq2m-mRCO1abyS4uleNqf4cpia9xCmggWpl4AASoOXitB-2wn31fBA0UjU3ksHqVbVinvCS6-uxhDPRl5dvCDJfbCKpP8w7R7-_tUHgq1QpR3j1dO3ntC5veuHDjhr2FnnNNfdxrsnqVF3G4EXoPoT5R8bQZQt6yoUresKAOJsCTl2RMPLICkg91Ttul2ogreOViqkfefh4mmR_gpG63jN6HgjZn3H1VtbC35HbWPsdak_FIiuw7XF0K_26NInKTpOpgWH_9C3cYGGD4dHGZq4vezStrOre90cCDXwagL5L6Z1pVaeJk68yWDlD0p2nAlb5hDF17GOaSI065l4Zxsx0VPh7Bqmf77bc1ZVqixQ-g7OhBsNudpKfnQPHdS6Sbggw1epXzOzzek1Yxe4uLc-DHxepIj621xDxhHx9da_Ulea8JCAb0ca3p-qVySpC8LBkW_WRIcFmcP9K_chSLBktNbqwgG74z9iilUVBx4abVa56azS9YpBi1OqMSJ0VwY_p8SizekN_q6Z6xjKvx3h4RNLF2GOC_wHTL9KVPRFb-IsScXTypvklqqeIQfCd90e-cSmZ2-oArqw5v4m4PD5-T5K3y0vTXgOPLMH4OCw3liwalod5Qgo8TcCFWjva-d-b78f0w2LT58v8atBZX5kOJ3v1FDCVuCAEU5YRN-87aXQrrJX963lSznPeKr5GO45VQJ6Hg0g9icUdGb7DeAM7ypRJcuHUExELPT3v_qrR_qS_UzSDeh8NYBg2ek0sNCmoqcSzVnxbPCRFl3GDAL_6qw90a5ynLEg5NaoYkAfllUlFbhtCIvkqK_LkyhwjtnqN8ryCBuV6DBJHNLLy6mnMrVfTI670ZCl_3vQCErK8gVLUAvIbYTkGMjU2zMUQcLwiEMxVjqe9sRHuSbfmGWMH9KkJ5gBrEruNOqWnMZNpt95MhC0bP4JL33SzARufPKqbX4PR4D9BntjoEJsJCtlfhaaY3n3KXoPHIkMADhyu7rEdH9Fkx0zG81JWELLF06RgJb4Q5NM-WD9EISD6_xgJAPDh3BH_OtmKFc8IflJUaq2S78WUgBY3XTmqTywf1fg4hHyGlhhZP4Fhs39i3XRXgNm1uCZsbCqDTo1G9Rt3QQBd4D21aBAogOZtx-mRjxEiWqVwNvSaSbHkH2tKisQOITpvC6Z1YKKgcPemLn2k5uUJWm894JZ3EudG34dnZatEqFbZr1tHFK3e4_dniRocFHiIldEmDIrtqeKhjreVdJqeykA130zK8rIIgfLFY4JABE6bPZAGRM6UJ5fZwpX9-Lvhhui2KCpM6NIPLS2evkVKROU54CwzGgvCXHwnKh7gzUWuhYWOyv27kpjSYx8_PiJeYXzTTzzSJVOtjNGXGQ43Hz5KNLcW0FPwNbJ02yC2DfjExZt-XJuUHAEcBrAJ5bCXEOVdBn-oMfmHuCacJXcLmfdi0DeEQBGo2tkY3mZvsGWDC0gsNXl0nHn8TFoRMECn8wh5LCHw7MkD4sQoZsMMCSMdsmxkKdfHtCsIjpKF9Nh829FuMSwklHi0boTKpEkqmztig0x4wdj1mfjE_FJarzpaTs9EoQAKlcOwUzd8gY7vr-u99rGN7N821gBeYDNz2xLbPOBAMPznIBtBcxrKcVPLMHcvYeG-UJTI73G8xit0VEoBH8mFBxa9u7jU0UwOWFK2CzpkiTUxUk8svSc&reqid=zq8kpccSjB2EPwPm&type=CLICK&pos=22,Combo sách Siêu Hài Hước: Cũng Là “Tiếng Em” Mà Lạ Lắm+ Đời Về Cơ Bản Là Buồn Cười /Tặng Bookmark Haapy Life,Sách tư duy - Kỹ năng sống,Sách kỹ năng sống,https://salt.tikicdn.com/cache/750x750/ts/product/e9/b2/c4/161c9fd51a7b1f6cb05b73d4df7e15f7.png,153500,,15.0,5.0,2.0,,,,,
https://tka.tiki.vn/pixel/pixel?data=3pJE5KS4I9YwVIgFCJVaTgDjn6-rlVmKFji0Eg-DDUP6y_QQ09fu2gKzLbagNK57rnw3JiDDo5atpghTOkCT7ZX2W410KYEaixLq1H8OLLHfrm0Nz6cdNVcl2Ku_77Dw6I_TQxccm293okSyDZAo_xoBAFcEUb7_16z3-Tplzcj-AwBkb74uRWBruD4tAWnpLyIY3yTgmSDhDIDv_tWWQmuR3pL9nixMv2obrcPjuYh3tKjmSFyQfnmQOK83BQnHvJ9HrhZwOndSEeXpRn6eoqBe-wMK1YATcf16VY3VwSosEsOc9Rc791kLFtNxZLppLDDH8uzvJDwUHgsUBUDGnPgjruJk_HYw_IlB9rW2RKux8e2Kfk2wg2YM6J1tuNM87Ap8cCXptUX0feaseY-E4NXj5IUo3cjwpArkkj5XZTft4slZfyC1ZsRSMK-568onZ434Kr7b8syPa_pogy6GB3BetIiULgNHXpNJV4oXxShrX5ITlQDciECE54lS7x46WBaBf4cSn5iA-mi4d7lW95NYbJONkg1Kfp_BBG-H8DjEnLt10hoagDGcAdvQ55r7IbCos4mBo4JsWEsm2JxauOB2_Uzft1Xczd1tg9B8-w3EFkeFj71dav7ODuvOu4Rmi5LT2dY-V-aWrN4d6Nk15yf3lLbnCbaNOs1JsCMky1-Tw0RXsJg8PjlvFJC435lw9yycO4jPei4A09jvlyLsFyAHhiysdudrXzywUo7TEpawg35-8T1BSIUWXnoz3v6-ZebO12Wtld4FCwpi56KrUXRJWZXHNZrwdgGCduze_u2rKPn9SrDULWwNCTjfn8MkOz8ZPQoRdbwKZxvo7sTNPGhT1aCBrW-jlzoznBZLNcRYuc7ESCZQyQ_MsWnAso2LlCN4TPJEDvfi_dBZ1dTOfPaKBdOCOy_0_TMiLVCN4Flo1mUEIR7qUr58LLUDjeA6UXsIq8d0Hz1XFW_T6O60uOHkEANYGGeAKJQcLrP4vgg99pEAA0rNK_Alwy_IDAzNqJzLOOAHY46ZETfYoWf3CZ1XEkIfcRC0hHB_93Et2-IiQlVRYCCBWmvXYnLb_pkz0UuVtOsS5H7qPU-CSzeyxN3pDfIPt0idi2n0kGkSjWPXcSlXQEtW4qCRnxAemtvrTFrGRq_ygKqpO3jxv0Xm5Z4dNuH0q07TZzAk8pbr1owSvj1y3CuJtIMX-H3PsxDk3BqlhVsYBiPhXG1jmqtRcPTHZwGqNnzpLJP1UfiKkpyHSb4ntt1oJLOdPRFai_dXDGQdUireuyKhjmbtpskgCZbtSiPmO3ivvq5f49Ih6Qz0unLOWK1MRfOGs3eyMu9gie-ljro_3Vh-TkYlQwK1_ahZreBVgk2ZdWuhaZTMGlCWlmSlt0ed3hL36S9N6kxNXMcRdAOzYFhAZQRm9ReFTWtcF9zLXSptcAv8WyC00dTG04RbPE3F1Lljsai8Fwj5Z1BrmcBTqXcxgIofQpYOR13RLWOKcPQdg6JBOGqoP_apoUqA7ooZqsTIYxYVXPFkanQ8F7m0d5Q3UUD8j3KAUFbhWhPsVqIEvLTTDJlKHBXHvgC3GjA9Pw&reqid=zq8kpccSjB2EPwPm&type=CLICK&pos=23,MBA bằng hình (Trọn gói hai năm kiến thức quản trị kinh doanh qua trực quan sinh động),Bài học kinh doanh,Sách kinh tế,https://salt.tikicdn.com/cache/750x750/ts/product/3e/25/3a/1e6bc9998b75b3345a4c38dd93bbbe16.jpg,114000,-0.4,3.0,5.0,193.0,,,,,
https://tka.tiki.vn/pixel/pixel?data=dn5UPWNx31P3iBMhb0oCaCF3K1MPc_ntnRcIMNFWHjLEVWK1cQtwVtW-sAu1pSqiKaYc4k6PCrQcYSMtyfJyI8jJ3e8aWBAR75CgxgcEwnB_M38cT7nymKc1PDu8QrNB3ebGC4KkyzQnOVlsIUPINKu-k-_4trw5vCA7hvB_sBb78TQXdLgcVNkXl07rocDAfpUlP5gV6jv0bDxPJFcfCkK43DOUEo2bLyEakROpbuPH7vDOTN-9H_WTeEkqcGwCVTNvW4HIEGfiiabgVx-qjZbIcc834z2rU7KnU6dr-xgN1W_B2D5FmWY4GtncKt6akRD4_VrpwnFRP5IbyXuXKShlu9G1J6rPPaRZFFDu04ndwVsNmj6KmKcd6Mk2pEl812qkPQzzT9ujryJM90eoajwWpzjlOeYycLMZyf-OySPH8wKj2k0BN3yMesB7L7ndur5GUxtFRuN0XXCAN_aHxsSvtBG_zI23iGh1gGjBp5FuRWwy-glVTrCqSoCNpcqB-jrrVdLVYzAux_AYEyjLYUXwzmmVz1yoEqlliueuDveyVa-JYHme3rxgJnvZBwvznyIQLGjjjG06NaxW7BGuWlzn1f3nPdxm9A39CyM9unUnSuTiwuYbDGLtmTuK0SYAAIPkcaeMgLEF2r4gRvI_ed7gYG1PhT4dNNBYctt99XVtUmiU2LydwyW79GtxdLxxipai_hZ3oRTP-LSWmreDGXqpv_50INoBcJFW7d_Qk0SlSD0A8QDqsAkbLNTCDovBuqzsoeG4hGdqDu4FNKhvN6uYhuEI6yoXDYUeXlHvTV34kmNrt-FVaFNJ1k3W_kJZh9uRXC8CcWQ0ujmYq9NMFSzS71aL9Sri-IAT2NKvNxP_xn8bLy2fsP1Z4riDzFr1QL-Eqn0lMY3RIKfpD9EdqFJlJfP-W3L69pBKpOxOFdE_rcXBIqEYm-bDnjwE3vNw-MENAJXmiQl_gLiEv9snlbwXT17bzp4pJeOBhL1ify8VXAE70H1ztDRccOs1YzKUyFz-Cjip7-dOWRUGYPR4DLTfZEjT2QcsFOLp_knZ_X9EhApz9KXmHU6MidNvyWw2b1uN9mxxBJBlkmN5_5SuNgZalSls8EM6f6OHYjDrFUrcIcD01Kq4TkDJlXjf-2qUSO-a6FfZp43UEiz_BA28JF1aNc9m0gZH0Ve_rTgE2ZQIb5ctYOaZZHVxyL5sWb0XT_mbSaCZh-Y9ZmuN0VH9QZ79gyfp7ANDSL6u2Puhr-qFsLkGL0qOd1yUTRKjrkLNgQApdw1m2XsDlG474e7rVEe0m62Gffu9GhbtikZewZKs7J3RfkUXRkivAJMSeNOq9r5NMUnsskkS9F-DeLWqY13j0Z3CnuncZKOM2b0KrYXegLSvbd0gC3pbvqFUVtbW5SDPHsYMpy6fyx-ispzlnWZrUHNg9A0AR3LSqXpGkBsK34Tn0UHGt4dmYDFVpI80nh9VQqNfocSUf99ro-8Icif1yepNZy8NwhGkZzrS9VQNabOvC5nSVCUF1tN06M0hhm45M0zo10Ta&reqid=zq8kpccSjB2EPwPm&type=CLICK&pos=24,Bình Luận Khoa Học Luật Đất Đai 2024,Luật Đất đai,Luật - Văn Bản Luật,https://salt.tikicdn.com/cache/750x750/ts/product/60/3f/ef/d2d5f62b3398373dde213823edb1d5cb.jpg,252000,-0.1,2.0,,,,,,,
https://tka.tiki.vn/pixel/pixel?data=tsv4Fbjgn43jn8Y4m813DNME97QfdajEZpAy9pXEsE_BNUSLoeOfjFobhFeKDsCZNmf0DqgDOKS-5z6mDFOTMJ3sPk2DqSRhNw0B4MHYSTQjYKghKKY_zRc6pNFx3GwBK0CT_rx7B4-9xczleZglWpNWba9SnDBmI-vcok9ZTMQJZcaM-93kRi2a8WpN9UrcRA6HzAdsnTaCGuvhtycj2AYvXx2XL3tz6n2iWIxag1ynVaXqInDeE6EiauzuwcrMej0pvLNmamTS_PDBRAgkNSNTh52QP2XIrsyox9--vcqRlh83uPgxi5yuMPZvPp1b0tW3aO5fbQJB0TltBjNKcrLb8XPmk5tJWxQhNq_EHccu7wnw5AvLPVuG6ugN0CxmoMo2SaUglSnGoBr4dTJiHeYpc9cKzWs3DYSLl167VOG8moLV3x8DuXp6PMWeqMRnqORDK-G0qWreUEErmXQBgQAXmyxuRUf-Qznyk4xHhxyHeew0wXY4HsJv-ZVw-A4I-ZBISibtm6z8dKaZDarn04-bhUjOWLAvGUmvo_D-hr1Ksu8gXhR3oThecZX_-Wyuv4Snw5he4f7pVDgQfd6mzKlLOl5uvqa2JYSfF-LarkRuLVUIKOTvyHZh9RhfEYzticKGSpKAYUeK6ldgD3x5YAuJ-EM5mGG1teyFpHtn3PRMBtvhB0SnSu8cWu1nvPKHl1ly9w3gy7s3CHiltTXgSGNdeOVB-ePQEmrDATva-7feiKQhq7daIH-hlWlY2TRs3jOQ-mWCrWWRnSoSyg9yn9mEWoqFMTF-2Mwy-gPFrZiGsMdwBQlM5uPH3QFMLb32VNkULsBrxyui3kTkoB1Xwx8bLRjAmSJQPs_iPlOsCEsre-QL1Qg4RqqNOaP-SaXjtV7vNlTlznFsVD4BlWXjAcES65-6GPXnDVrOPQgiuk-2K8--NAV5YQRLwgAmZXXOD-ND7Xt7JrMgDi60qG5HIvwsTyFWY2JPYvCXh_ueRXCyEzETZajOvnjzdl3p2hOHaxCpbfpXXrFPtxtAYHuoPV6ovukAV9A6rE-AMg47BYhY4v5FveUL3cKecxe6TdjXtrRm1VuSe4KHjCjcT0haTW-Ya2D_yXINpjR_D1NEjLs3S3y8NzCX2LltkCcGatQzqfVGmf7ZMphavh0Zl_fSLDM43EV-vduDdzasrgV41e1KwfSEDxopHy9kiCgclFVzjNCDJOGw-Xyv6SckTnb9l6YZTG_QIW-nlYAfMHrqdcHLRP5ZiJrXpl9i_IasaGUQTZ2mDq0vINbj33gOKPZVaDVPwg3Aj0zrodrB8kx-wCxEPpt2N7yxT7Y8LnIWY9H8KqFuZOOF9IGipw4PN9VNgyAyzd8tzRENWbOZDZE2ZUxE9eG4ijiM9GxBOJgyUZv5f_qSrULExYw1Q1-nc2Qyd87p_dsKVxlUOeRsTuMDtVgmmLdeknQiVmYtnMtTuvgvDdIBe7gVAe96ceqNkMo_yBx06ACdNG9VIMwDBjQp5bs812U0hCWJyGAjzc60i0HT-Rc&reqid=zq8kpccSjB2EPwPm&type=CLICK&pos=25,Trường Mỹ Thuật Đông Dương Lịch Sử Và Nghệ Thuật,Mỹ thuật - Kiến trúc Việt Nam,Mỹ Thuật - Kiến Trúc,https://salt.tikicdn.com/cache/750x750/ts/product/9c/8f/8b/68fc6290ffcb9a22d379e9b362d28cb1.jpg,519000,-0.35,91.0,5.0,7.0,,,,,
https://tiki.vn/bi-quyet-tim-kiem-mat-bang-kinh-doanh-den-sahara-mo-quan-tra-da-bo-sach-khoi-nghiep-ban-le-p175845415.html?spid=175845416,Pre-order (Dự kiện có hàng 22/10/2024) Bí Quyết Tìm Kiếm Mặt Bằng Kinh Doanh - Đến Sahara Mở Quán Trà Đá - Bộ Sách Khởi Nghiệp Bán Lẻ,Sách kỹ năng làm việc,Sách kinh tế,https://salt.tikicdn.com/cache/750x750/ts/product/47/5b/2f/2cbf5698accf879dafa48932cbb58b70.png,160550,-0.19,2.0,5.0,168.0,,,,,
https://tiki.vn/con-duong-chang-may-ai-di-p274363543.html?spid=274363544,Con Đường Chẳng Mấy Ai Đi,Sách tư duy - Kỹ năng sống,Sách kỹ năng sống,https://salt.tikicdn.com/cache/750x750/ts/product/d4/f6/43/8469d61f7c9a88c07936f8aff14ace7c.jpg,116000,-0.3,1.0,5.0,92.0,,,,,
https://tiki.vn/nha-gia-kim-tai-ban-2020-p52789367.html?spid=52789368,Nhà Giả Kim (Tái Bản 2020),Tác Phẩm Kinh Điển Nước Ngoài,Tác phẩm kinh điển,https://salt.tikicdn.com/cache/750x750/ts/product/45/3b/fc/aa81d0a534b45706ae1eee1e344e80d9.jpg,63200,-0.2,35.0,5.0,5943.0,,,,,
https://tiki.vn/cay-cam-ngot-cua-toi-p74021317.html?spid=74021318,Cây Cam Ngọt Của Tôi,Tiểu Thuyết Phương Tây,Tiểu Thuyết,https://salt.tikicdn.com/cache/750x750/ts/product/5e/18/24/2a6154ba08df6ce6161c13f4303fa19e.jpg,81100,-0.25,74.0,5.0,13366.0,,,,,
https://tiki.vn/yeu-nhung-dieu-khong-hoan-hao-p3954355.html?spid=3955615,Yêu Những Điều Không Hoàn Hảo,Truyện ngắn - Tản văn - Tạp Văn Việt Nam,Truyện ngắn - Tản văn - Tạp Văn,https://salt.tikicdn.com/cache/750x750/ts/product/20/79/b3/8b1139ce30144b41473b199c19001942.jpg,109000,-0.22,40.0,5.0,3981.0,,,,,
https://tiki.vn/khong-diet-khong-sinh-dung-so-hai-tb5-p187827003.html?spid=187827005,Không Diệt Không Sinh Đừng Sợ Hãi (TB5),Sách tư duy - Kỹ năng sống,Sách kỹ năng sống,https://salt.tikicdn.com/cache/750x750/ts/product/e0/15/3d/37a4ab0ab9169654f9b8ea56ca72f013.jpg,82600,-0.25,28.0,5.0,1819.0,,,,,
https://tiki.vn/dieu-ky-dieu-cua-tiem-tap-hoa-namiya-tai-ban-p3304875.html?spid=3304877,Điều Kỳ Diệu Của Tiệm Tạp Hóa NAMIYA (Tái Bản),Truyện ngắn - Tản văn - Tạp Văn Nước Ngoài,Truyện ngắn - Tản văn - Tạp Văn,https://salt.tikicdn.com/cache/750x750/ts/product/dd/49/7f/ab94b8b2e35c49fc38b063fae4e8266a.jpg,84000,-0.2,33.0,5.0,4744.0,,,,,
https://tiki.vn/sach-tu-duy-nguoc-dich-chuyen-the-gioi-p57815506.html?spid=57815507,Sách Tư Duy Ngược Dịch Chuyển Thế Giới,Sách tư duy - Kỹ năng sống,Sách kỹ năng sống,https://salt.tikicdn.com/cache/750x750/ts/product/3c/6d/75/45dbffab3a67de798a132d43e80b833e.jpg,134000,-0.25,3.0,4.8,374.0,,,,,
https://tiki.vn/giai-thich-ngu-phap-tieng-anh-voi-bai-tap-va-dap-an-tai-ban-p157432544.html?spid=157432545,Giải Thích Ngữ Pháp Tiếng Anh (Với Bài Tập Và Đáp Án) (Tái Bản),Ngữ pháp Tiếng Anh,Sách Học Tiếng Anh,https://salt.tikicdn.com/cache/750x750/ts/product/07/b1/f6/73caba0aa14e81a9cee6acf16526b95f.jpg,154000,-0.3,11.0,5.0,1532.0,,,,,
https://tiki.vn/giai-cuu-mot-doi-hoc-tieng-anh-cua-ban-tac-gia-thay-thang-pham-quyen-sach-ve-phuong-phap-hoc-tieng-anh-giao-tiep-giup-ban-loai-tru-cai-sai-lam-theo-cai-dung-de-gioi-tieng-anh-giao-tiep-mot-lan-cho-mai-mai-p275905229.html?spid=275905230,"Giải Cứu Một Đời Học Tiếng Anh Của Bạn - Tác giả: Thầy Thắng Phạm - Quyển sách về Phương pháp học Tiếng Anh Giao Tiếp giúp bạn loại trừ cái sai, làm theo cái đúng để giỏi tiếng Anh giao tiếp một lần cho mãi mãi!",Tiếng Anh giao tiếp,Sách Học Tiếng Anh,https://salt.tikicdn.com/cache/750x750/ts/product/56/87/51/2e8af25b9a1f6f5787ddc0c41b65ed4a.png,249000,,408.0,5.0,14.0,,,,,
https://tiki.vn/25-do-am-p275613236.html?spid=275613239,25 Độ Âm,Tiểu Thuyết Phương Đông,Tiểu Thuyết,https://salt.tikicdn.com/cache/750x750/ts/product/a0/9d/60/ec3c32d6710a214b53d7bf3c74c9eea0.jpg,112000,-0.29,365.0,4.8,38.0,,,,,
https://tiki.vn/bo-truyen-tranh-dau-an-hoang-gia-p275925573.html?spid=275925640,Bộ Truyện Tranh Dấu Ấn Hoàng Gia [ Nữ Hoàng Ai Cập ],"Truyện Tranh, Manga, Comic",Sách tiếng Việt,https://salt.tikicdn.com/cache/750x750/ts/product/83/61/c1/b38442f882e93d3d30d7b441e733f855.jpg,141000,-0.06,324.0,5.0,41.0,,,,,
https://tiki.vn/chien-binh-cau-vong-tai-ban-2020-p52788072.html?spid=52788073,Chiến Binh Cầu Vồng (Tái Bản 2020),Tiểu Thuyết Phương Tây,Tiểu Thuyết,https://salt.tikicdn.com/cache/750x750/ts/product/a1/ef/4f/0b39e40dca3827604c8bc4e867cc9423.jpg,73030,-0.33,22.0,4.8,3427.0,,,,,
https://tiki.vn/sach-di-tim-le-song-tai-ban-p13419678.html?spid=13419679,Sách Đi Tìm Lẽ Sống (Tái Bản ),Sách tư duy - Kỹ năng sống,Sách kỹ năng sống,https://salt.tikicdn.com/cache/750x750/ts/product/80/14/8b/61fb657f347d14d9d7bf6fe901001a8e.jpg,66100,-0.25,22.0,4.8,2431.0,,,,,
https://tiki.vn/ban-dang-nghich-gi-voi-doi-minh-tai-ban-2022-p186265449.html?spid=186265450,Bạn Đang Nghịch Gì Với Đời Mình? (Tái Bản 2022),Sách tư duy - Kỹ năng sống,Sách kỹ năng sống,https://salt.tikicdn.com/cache/750x750/ts/product/1f/df/82/e5bccb90983436fbe9d39171c9e220b6.jpg,82700,-0.33,757.0,5.0,26.0,,,,,
https://tiki.vn/manifest-7-buoc-de-thay-doi-cuoc-doi-ban-mai-mai-p272449818.html?spid=272449819,MANIFEST – 7 Bước Để Thay Đổi Cuộc Đời Bạn Mãi Mãi,Sách tư duy - Kỹ năng sống,Sách kỹ năng sống,https://salt.tikicdn.com/cache/750x750/ts/product/19/eb/43/be942cf5f052a040395a0b0dd534d08b.jpg,58100,-0.35,1.0,5.0,83.0,,,,,
https://tiki.vn/nguoi-dan-ong-mang-ten-ove-tai-ban-2022-p202879294.html?spid=202879295,Người Đàn Ông Mang Tên Ove (Tái Bản 2022),Truyện ngắn - Tản văn - Tạp Văn Nước Ngoài,Truyện ngắn - Tản văn - Tạp Văn,https://salt.tikicdn.com/cache/750x750/ts/product/06/6e/ae/9bcc2a16b8726403b2870ef2e3eeee30.jpg,132000,-0.18,2.0,5.0,210.0,,,,,
https://tiki.vn/tu-duy-nhanh-va-cham-tai-ban-p214186189.html?spid=214186190,Tư Duy Nhanh Và Chậm (Tái Bản),Bài học kinh doanh,Sách kinh tế,https://salt.tikicdn.com/cache/750x750/ts/product/61/76/af/539c898761023d4113cfbea439cb22d7.jpg,175000,-0.35,2.0,4.7,160.0,,,,,
https://tiki.vn/vung-dat-quy-tha-ma-bat-p247858753.html?spid=247858754,Vùng Đất Quỷ Tha Ma Bắt,Truyện Giả tưởng - Huyền Bí - Phiêu Lưu,Sách văn học,https://salt.tikicdn.com/cache/750x750/ts/product/5d/f3/e0/178f1934358affe599cb0aba33a8324a.jpg,132000,-0.21,2.0,5.0,199.0,,,,,
https://tiki.vn/nguoi-ba-tai-gioi-vung-saga-p95289208.html?spid=95289212,Người Bà Tài Giỏi Vùng Saga,Truyện ngắn - Tản văn - Tạp Văn Nước Ngoài,Truyện ngắn - Tản văn - Tạp Văn,https://salt.tikicdn.com/cache/750x750/ts/product/7d/09/b8/8f02cdbc986a5b1efe1fcfdbab15374d.jpg,96000,-0.25,3.0,5.0,444.0,,,,,
https://tiki.vn/tam-ly-hoc-ve-tien-p273819808.html?spid=75953558,Tâm Lý Học Về Tiền,Tài chính cá nhân,Sách tài chính,https://salt.tikicdn.com/cache/750x750/ts/product/83/23/b7/14a42ae4f66c9b8b298aaef4b9671442.jpg,140000,-0.26,26.0,4.8,3619.0,,,,,
https://tiki.vn/luat-tam-thuc-vu-tru-nhat-nguyen-luan-p274649745.html?spid=274650071,Luật Tâm Thức – Vũ Trụ Nhất Nguyên Luận,Lĩnh vực khác,Sách Kiến Thức Tổng Hợp,https://salt.tikicdn.com/cache/750x750/ts/product/94/d0/77/000aa2ae7e99a036b29ba4cbc216d96e.jpg,216000,-0.25,1.0,4.7,83.0,,,,,
https://tiki.vn/dung-viec-p271380890.html?spid=271380893,Đúng Việc,Sách tư duy - Kỹ năng sống,Sách kỹ năng sống,https://salt.tikicdn.com/cache/750x750/ts/product/56/34/6c/8bf2ad92c5580772ad79e640497898f9.jpg,91300,-0.27,15.0,5.0,895.0,,,,,
https://tiki.vn/nong-gian-la-ban-nang-tinh-lang-la-ban-linh-p26114399.html?spid=26114400,"Nóng Giận Là Bản Năng , Tĩnh Lặng Là Bản Lĩnh",Sách tư duy - Kỹ năng sống,Sách kỹ năng sống,https://salt.tikicdn.com/cache/750x750/ts/product/45/15/af/39ce2f3f2da7c6f7360ca6f527ff07a3.png,65000,-0.27,74.0,4.8,7225.0,,,,,
https://tiki.vn/series-cac-tap-attack-on-titan-p274031576.html?spid=276058564,Series các tập ATTACK ON TITAN,"Truyện Tranh, Manga, Comic",Sách tiếng Việt,https://salt.tikicdn.com/cache/750x750/ts/product/55/cc/f0/17b2aacfe20897e7a2183c7f693b5145.jpg,41200,,613.0,5.0,21.0,,,,,
https://tiki.vn/thu-cho-em-p274546151.html?spid=274546152,Thư cho em,Lĩnh vực khác,Sách Kiến Thức Tổng Hợp,,110000,-0.21,1.0,5.0,110.0,,,,,
https://tiki.vn/nguoi-dua-dieu-tai-ban-2018-p4780917.html?spid=4781791,Người Đua Diều (Tái Bản 2018),Tiểu Thuyết Phương Đông,Tiểu Thuyết,https://salt.tikicdn.com/cache/750x750/ts/product/05/e1/5d/3e64a6f743bc5e0dcad906c58357a158.jpg,104000,-0.19,21.0,4.8,2630.0,,,,,
https://tiki.vn/sach-nghi-giau-va-lam-giau-bia-mem-p54266567.html?spid=54266568,Sách Nghĩ Giàu Và Làm Giàu (Bìa Mềm),Bài học kinh doanh,Sách kinh tế,https://salt.tikicdn.com/cache/750x750/ts/product/99/10/67/aa71f851071fc05bec537bec76dc4234.jpg,84300,-0.23,13.0,5.0,1800.0,,,,,
https://tka.tiki.vn/pixel/pixel?data=ncYHNyonJCdURQpL2u4Lmb3N-OHdWOem4YyVcAhxuVZDGy5-dlIdUf9OIkQX-GwU9Dn7CTeJb8OOqd4WituMgWPZ4azfrMnGu8Z-8Tb7GdgD2vY8nmvNEBZBMGaegJ1m7mlALH3So12ofcmcc1ACruJlCv2DI6Nix8mAVm4ozgeuXDJFpAurhG7UOHNfhB3see4BuyqNZexCGPJDmo2uALk0M9AGxyLso5xtaJHZ93qLuU1LTArRL_nW_8aYN4eqHBRmqcTMj4zQqdBuNFDPMkIRs_Z3AOYPOHiUmQVuMXJs9pgqYNawd1fc-FQslkPM7lfxxqGQ9UBsMz3uD_j3t-prjKYGoJDNPHRD88xdTMV1yixccYQLECTZyDW3-yXKMLXF4OMLFEmq79LDhmKngXs4zs0HuJSOYzEw6FLevKNutPZ4xUGJ3gLv3k5MiiYAXz8uuHVT9jJuTLU1wOU-0zuZ4BPsNPxbayLFtByWTxrF0a1OtHkkFt3aY-ZevdHK3ZBoCJsgnL51z8TzLlrmt40Sd6QtGRCX5WNe4wbVrn_gP_9a91bxWKUX9dxrBvYrzi_ue6tE6LHdZvd2x6lbXGt4i85uSvjDjb2Fn4dQ2MdTKvdThFQzE4gsdIfocPA5xbn1--dKq7nCW7Ep4FkqlgqJfJuIg2jb-Np6USehQ084IBopmfub58y64A-KZoZwx9ziv1yWa92_EkjlTML-eHEAa_ARwGcHv07g3Ao02vwX3YTpSAKtw2KEBpRUcVsal401v-CM_d--236Mf-tOwgDFgC3QlTyFt3cUHM_8LJ953DAgbr07mJ-Pe7NLzzG60dhIAaFWjQsl4C3TL6N20j5FvBoC0qw_gyX8KQY6WA295dLTEv2_giQHAiIlFgtNDFVudzOTMsxRGgOKM9VE1STgkO6_VpklMXoJsDfXVZwJ6kJDfejRchvZ1r6YCBfiTxLDS6nWwFZcXvuJvjaD4QEcP6p-PHTpIOVCXxPBEFM9X_9TUFmUAd_MseC6pXMlpI9VrakB1Ycz-yjnTj3ZnuFJj-72gZKObvAB2t2GtQu6miGn8Xl5Y2c3MF54NBKBXy72MqMPX1i6yLDonO1fYXY8aV5spdWykldLaeyztdQvi0aV7_CiSt8Cnjn13EMxSMIwAtkz0PAoLN7cwsHXJoioiP8P7XwQEctNo3tGCyzx1Khz-0-jPFblQrYKM52lLRELDp39-XCp_EW-MHHNqHmoRHtV6su0cTYN6uBTACo9cYZxDN62fvV9WreQz3iDmZ4NG0pnVj9l2oMpK-MC_1K92lAUXw-cm3b54NKww7zD4I7uHofoj6A-JU3s2VYuVsFR-_IZ6G0J1POfGGjw9uHBZvHo0Bl3gPuwAIUFBn5Q_wkW27WrNfeW1I2coExzzzezESKXhYpdzVBreq4aFDbQPSA6V2CbTpkCF2aaX0ABec9cJ3Ze5ap0ADYtoIbYlOeltA4pA4hiCT20brfJijFKdy18w-wHAaX2Z2J-qgPMCF9sydu2eTG2rL9Zcz7SsDi9_KypxumWc5SVNF0XI-fbVHM5tWcclnxSmqu2Hvsd6pJEISLb-8Xn5gxdt7K-lM2UJAmwMWRrGjG-oKEIN0gxoJQwiGXUHes&reqid=gB5KBS55nHTYevz6&type=CLICK&pos=41,Dẫn Dắt Một Bầy Sói Hay Chăn Một Đàn Cừu,"Sách quản trị, lãnh đạo",Sách kinh tế,https://salt.tikicdn.com/cache/750x750/ts/product/f5/66/66/6675e1bd7020ba9658876a87ebe60001.png,137000,-0.3,391.0,5.0,12.0,,,,,
https://tka.tiki.vn/pixel/pixel?data=4TPUOFC1oIs-OcqzLtKobiVlKZ297s6vlO8DlXdhk1BA_n4t9FeqvK0Rwub3yUXnr8e7f39Q4q6Pu88EGUF0ajgONcCYH34G87OftjJ0O4L6enOJRBhdoCHtoYhQ9LvqSF86S2WFuwumILa5-0oRgjpoHBkLRFHVF8jLTdsB50CALGjNXaC2MbcSTg6dyIAEfeiWZn42ls1kYTaz_po7nK7aFTzkdBST8jz4Bajj6nQ7hHpBtdqFt6ed5Zq-MTFFfj2vyX_guDGDu74o1R0Njimc2iT2QnRfhUUMLjGt0yyNXum7NRg870HfR7Zx9KgtlCHciW7CjJ2v7asj8PzZgjwn0BxMhTDM3GBoXcEfWaxoZyXpzG0QjAK5qC6uiPt4wtFcEg_KQsnXw7I7WdH1kzwK735WE85MHyKnCorI_WVuda2zSkoVA-9-2YQiTGZnp42o7oJMHkITbPSO5e0mWARL9IXmqlBPqnVxJNgyYxRDh_WWnLrweJaEnfbx1xd9H37Pm5RyIhuDUBl3U1HckN3ZQHsqp_lnhmcl843Y4lePU_mkgn1b11jXiJyXODb50LNMmUKw_b_R7GdREiTlHlJsb0N78OLc5BQTIN6Hao4eSPLkGUuHEiKkT6P3PxeyTJR5gvUSGfSuMHPxT3lB3vH2QzSjqNX1Ar-wEeAwa3l3ItjI8oLugYE2Ch9hSUrOVkhehHYNxn9mvWfUA1cf453oCV3FLNjimblsqCcPCbursYyAUroa12xs8lI5x_1VFsypeF6PAgAkd9xEtTMbcYrJtHk4HbT8kSkej_i_x1VJ39gvHw2gmTcXJaDCkd1vxatiY49qNOC_mY01ziOAJdhbFHbO_ZhmvHs0IUliasQ2hPYM6NedrZjZEsb8sKYbBucHgQYCS7PyWn5QkndTQDcPi22GYZ9Z9au4Wg4-gZTRURxvz8WtvW0u5p12NVtOzgHEbnEAcJ8r7pUqMKkoZLA4lv9H0E9EV6O9bwrQPVw9UWjJxvV5cjV10e0Pj-meLLa3K8Mzc9OdPYv4x86hUwhEq3Fs3lMk-tWukNulnpNoUqMCSp9zklnIPwwTkPPwgPd0yHFg638lChzzedHY7yzpeP2bGQmao4I7KAWwVj3KAAF6mEr-QgjuTdhpOS62Xqbpu17nhX72c9_AVyWZDkdDgKlqLJyIYZR5tECkldwlSC99-n3a0OX7a_7AC-VxXbqONOx32ni7QgGQ030njCDK1749Kh9p1jILhVhKLOEdIw_2xlSfLve58xefK1isMI0c0wNLHwwfm3yWbuUTDZSB5YqT9ZjwGl1grjE8Jte1XTXF3nY92f9mIdhb7C9bKCGqmR7rIOhezxr9Vod70_E8XrNAoXi3SGTiwwK_BY2X4tqpsUqoIkL65IeM2kK4roXK8CUcByjzvlhiYZPoq4HIisWUqzkp4lLnCLb61rrIAbhiTXtUBsY0LY49N_N22clAuQ2RfQuqcWTBij8TNNuOBAfMEuE&reqid=gB5KBS55nHTYevz6&type=CLICK&pos=42,Chat GPT Thực Chiến,Sách kỹ năng làm việc,Sách kinh tế,https://salt.tikicdn.com/cache/750x750/ts/product/17/4a/65/b4765d60127ee4cccf8fd551633fafd4.png,119000,-0.3,277.0,4.6,17.0,,,,,
https://tka.tiki.vn/pixel/pixel?data=Kc826PIKedlo1MtfN3pIZgsx2_qSe6oC-nosMjkpLhzwCpCBD1-zvjf4c-KuVbUWuioDDBfHeAk5O32xZ2OaP9NU4pxpopa6bHsL7eauuDJ72EtBag8ztpLexsW5LtjEy5W82GBtvxFx_5mxN-ghjKQnP_b_kl5nY_cawz22WgHJWlJtGhhTVxaMdr_oL08JYEmoNmmvQfR9FrZ_yusvhj16OC1uQ9kv4CNnEVPyGeyEKwVHLYyG401LVUDgX3oZXYO2TkkF9kHyDnxYge0kHZrkGXcZFMwABFd2S0WYiWN5pIRiMQeTFDwsOkSvEKDCEtd1arCYEJtycKt4c1vJFzXQKN99zeTwhdBH0vl1T4zlmXFDP0EmK5znNA7h7qlt0NeiCxE-wTkOloVte4FbAvvnO5FsLUgMAHK63PVnng3q6nrAQb2lm8sXrULKzbrOZXflITo0KLJeWzcrjBY0vtjnEGb9oUwrTiFter5CfopKhum2T08spncz0Xq_g1HN9xyIl6N2v2zjh7vJgRLKvtP0Ruw-NJ1ESkj3IDmOm4uHqRQsm3BR4Fhqo51yGxOQdkAsfX3ZpLUKn6ncCkptaqsGIjF6alYhm_-7WS9Qg9wE0QzJENp4EyGQWFEtfOEBJQTNEkJQuWKsJvAfZd8Pevh2uQYb1C0CprS1KZimjeIo3kSCJy0ZS8XZhLO2IhCqsi5_buXhAWcePaiZPh1WdAQ49ObFLB_JTNAMi-8dk-ZDxQj019UljTmsl8zvRej9F4yGfrO33JoNyenicg29sh8qVlRAA72tlkJ0_0dJXjLioguESLBSjp-U_gS_cX2FZ38YGrlajOmorNmOFSLkP6q7l_7Lz61SffobRmgLhD9qydVWnbfSDKkEBBzVuHhnKdzgfMuszv1zC2XD0bcbgdfFIUyMJJRboCWI2uvSUDZF51zA6QBS29b-JnT27yj4MG8jtPGUoknWkD_sl7onhLt4lwm-G4yqVp_Rm6jsq6kl8dG6TiSe3mH4grEYnZBDeX4_1jeK1ThAgipyxRr9ByE7pi7xmGMbTzemmLCq2AloPo5Ash6YFs_1UvGErubFXU8-nvXk1xV6Cv_L9DXDkMMIhPmM_ejqtWoR7-Ojt9mJS8auCqqcQd_y_ncQu5qpsOFWoPOjRwhi8MOwRF2kSG3FYt1brUolkpQ4scdPaXOrKISOocxs_0FIYOX9B93-evmtn1DchKQE4cxztGd3HDNLCwxchNKFazcTk_S6C2mhQCU2MHFlza_ehkEszAFrJjaVsyzPX2VbxIqypOuJT-zEisHWoxklbCN2Uu50rxEbILfV54qhQU9XLEVFYiserbqOa0yQCdDRtWjygQNwmz06fXR4As1yGjruw0D1RjaGyhdj5Rvc-taVswpTuTFAOESGKBVXVUA0AQ1KDYT6RkPCTg-m2h8lsJKd-w0FgLOsiGuVUPHEOa-o_YC0vc1cuC2GDCU5adYNx0mhR4hFEhG3THq6d6218LTIHMQysE2D3qoh-xDEW-sXpANc9p3-k-bckG3OAJFN4ZzASVaScCx34XH6xjpjrQ3z7t-d-FXwlTHFmxPvFVnj&reqid=gB5KBS55nHTYevz6&type=CLICK&pos=43,Minh Triết Trong Ăn Uống Của Phương Đông (Tái Bản),Sách tư duy - Kỹ năng sống,Sách kỹ năng sống,https://salt.tikicdn.com/cache/750x750/ts/product/0f/e9/ab/0474d4e2e9be4c93bbd85ee17be58fd7.jpg,168000,,38.0,5.0,1.0,,,,,
https://tiki.vn/cang-binh-tinh-cang-hanh-phuc-p199216988.html?spid=197901340,Càng Bình Tĩnh Càng Hạnh Phúc,Sách tư duy - Kỹ năng sống,Sách kỹ năng sống,https://salt.tikicdn.com/cache/750x750/ts/product/98/1d/ef/9f354dda85824878fbb43ef2af4dd233.png,102000,-0.27,11.0,5.0,866.0,,,,,
https://tiki.vn/dau-an-hoang-gia-tap-6-tang-kem-postcard-p276075631.html?spid=276075633,Dấu Ấn Hoàng Gia Tập 6 [Tặng Kèm Postcard],"Truyện Tranh, Manga, Comic",Sách tiếng Việt,https://salt.tikicdn.com/cache/750x750/ts/product/58/f0/69/7b4ae20043000fb110da236e3b146f89.jpg,27000,-0.1,331.0,5.0,14.0,,,,,
https://tiki.vn/nhung-tu-nhan-cua-dia-ly-p73787185.html?spid=73787186,Những Tù Nhân Của Địa Lý,Lĩnh vực khác,Sách Kiến Thức Tổng Hợp,https://salt.tikicdn.com/cache/750x750/ts/product/8d/96/9e/c0c1f23db756d50b1944dff9c3988753.jpg,168000,-0.2,22.0,4.8,4127.0,,,,,
https://tiki.vn/dong-chay-p140416370.html?spid=140416372,Dòng Chảy,Nghệ thuật sống,Sách kỹ năng mềm,https://salt.tikicdn.com/cache/750x750/media/catalog/producttmp/b8/97/4f/b3858b9d285701420eaebb6dba56beaf.jpg,172000,-0.25,7.0,5.0,702.0,,,,,
https://tka.tiki.vn/pixel/pixel?data=qrf8_0y4U_QWTODKRWuoRQRYE98vrxaYj9ba-Xs9Tvm8aj97Y9fpyU0uCdA4iALwFAwBXx_TzDMdkycoWVA37GI9qoDdzI5WtzZKB6J-5KRDkZmRa6-ghRM-6JhXuZqn0R9ftcsotBMPQCQ33icmyWF7r3-TDQ8o2Fz3SzY7mvOOcIZZtS849cueStRZ40dusQpdNglJL_L4td37ujIxtg2fKBxUj6MIamtEFPUZGn25u7Hnr5qOIcpc8rBR7JefDum9ndS_TVTy1VUp2vZSIgFPq6acqBM2UeL_XncpUPDuMPa5pWZTrUwQgCuhdSAIeWWIlF5oFycHyUPwXLOsofgiRfsZpRt6xiEykKZpu0TjOsTLuT6g8izq0RGetI_zF0fwK-J1cQe9TS6IjYYN9AKRwLMclM5DQd_PDJx0raPi8xKdaYqFod7r0Ya43RCqop2sPH7inQJzk3gWSezGzumECaolhBAE9vLJxhJZsFHM1wrdygP5wDh3P-sVL1V4JxhThL5J242aZCXJz5vNdmBXYvHhsVwrzGZa_2N-LDpRIZdqpiSA8xI5U1q0hM_anLFvWbisVwcaTGLVyprGgNZnsCVqmfq5bDE3kNWNeeYeVE68DGCtd2ofRz4F4nnM_0TinJtdLRhPyx_zTV8RnahVKbm62ZO1wrBkv7Ty_IntBKkvYS5jkeaZjPzmZhHUFACHRCHvj6Erj0vc4qu4Icv4j3qwg-GFWkC0EJ0JddnBByfPOPxfNzyJpmxJ4adLwfIsGkcd4GdcLUTg3PRnhor_nkpitr-RhP23Y6QwL_0Li0pdYOkJZxXWL11-p5hmDwHE5U8QSjwtdy6gPaEwkH_8ZZMJgItEx22HqKfr2y0c8jWHayvteOJ5aYK0SZVxIULICMLzwsE0ItSnwoO80cMXmCVhmpU6WefQJqA_gn0xUQkT6ywx115Pp71iloZBe4j3Dz68svRjOGQ5XKWS2iESrv81afct5QAG7fBZSs9ytKuq7gQWRV5E44PRFR_PDaRK-1gkhox_YQrfrIhCXaCxd4x8A4P0QVECwwirGKCwpWJ63uol7fuTq36nW1njzF2fsS6gsxAz4O-Uzs3h34n9b7ElAEOiqiMY49DRAVIveWQd2TN8_QMZqxupslkU54fio_qVKaeG0PKws0JQnjMU4_qPxLABQQhhj9TBVqBdobQH6sfovgPxklyDOFnfq1zBsyF7Jdty_vG9Ogl0Z7g9VV2W9FEpyu6qe6g_gBbgEYfUIMmh1_Vj9CoFzzYUlElCpnzUbSoNXI089B1SbFv9N8lLBQO3Wo4JU5FanQ84YzWv1Gs3EBhzP_UQWFG3yJdBg5kKx3yS6g3ErKDVERHW9D1TyhjDsvDvSLXgLW40yPiyHGrqb6Ra9O7GkEPkjtNC9FEJ8cg1C4EpJKFjrj_9u3lJA554LyOoBdm0xlnYb514R52JY5YzPELKrnb6OEDZACbqr1LH8w9mk-4435YqfO4dwjh9HC9Fud3T1jnpfqUlT7CGpvv4HDraUv-xkg3Rk0ga1evyPekXIH7pU90_zs2AUquQFhtkUw8&reqid=gB5KBS55nHTYevz6&type=CLICK&pos=53,Hai số phận (bìa mềm),Tiểu Thuyết Phương Tây,Tiểu Thuyết,https://salt.tikicdn.com/cache/750x750/ts/product/4b/3b/3d/64a70b8e5d0867750b6ae43025f13362.jpg,132000,-0.32,1.0,5.0,98.0,,,,,
https://tiki.vn/dan-ong-sao-hoa-dan-ba-sao-kim-p10005245.html?spid=10005246,Đàn Ông Sao Hỏa Đàn Bà Sao Kim,Sách tư duy - Kỹ năng sống,Sách kỹ năng sống,https://salt.tikicdn.com/cache/750x750/ts/product/0a/f6/38/bc10734989977da424642a1c4750eee2.jpg,138000,-0.27,52.0,4.8,4169.0,,,,,
https://tiki.vn/combo-sach-bien-moi-thu-thanh-tien-quyen-1-2-nguyen-anh-dung-sbooks-p270114030.html?spid=270114031,Combo sách - Biến Mọi Thứ Thành Tiền - Quyển 1+2 - Nguyễn Anh Dũng - SBOOKS,Sách tư duy - Kỹ năng sống,Sách kỹ năng sống,https://salt.tikicdn.com/cache/750x750/ts/product/f6/24/d4/f1557a47c4f975c4a72a2c558842ca35.jpg,135000,-0.6,711.0,5.0,42.0,,,,,
https://tiki.vn/sach-vi-tu-si-ban-chiec-ferrari-tai-ban-p66619715.html?spid=66619716,Sách Vị Tu Sĩ Bán Chiếc Ferrari (Tái Bản),Sách tư duy - Kỹ năng sống,Sách kỹ năng sống,https://salt.tikicdn.com/cache/750x750/ts/product/78/97/9e/09dc123679ecd939271fe9a4ee4cb841.jpg,73600,-0.25,8.0,4.8,930.0,,,,,
https://tiki.vn/thu-vien-nua-dem-p117238177.html?spid=117238178,Thư Viện Nửa Đêm,Truyện Giả tưởng - Huyền Bí - Phiêu Lưu,Sách văn học,https://salt.tikicdn.com/cache/750x750/ts/product/8e/32/3d/e4487c4c7e335bbda4f06dd54d8e35b8.jpg,121000,-0.19,10.0,5.0,1892.0,,,,,
https://tiki.vn/ikigai-bi-mat-song-truong-tho-va-hanh-phuc-cua-nguoi-nhat-p10095276.html?spid=10095277,Ikigai - Bí Mật Sống Trường Thọ Và Hạnh Phúc Của Người Nhật,Sách tư duy - Kỹ năng sống,Sách kỹ năng sống,https://salt.tikicdn.com/cache/750x750/ts/product/0c/ae/23/74a7396a4c1bcf48ed016b92ab349b5a.jpg,72000,-0.2,9.0,4.8,731.0,,,,,
https://tiki.vn/tu-duy-nguoc-p273114488.html?spid=273114489,Tư Duy Ngược,Sách tư duy - Kỹ năng sống,Sách kỹ năng sống,https://salt.tikicdn.com/cache/750x750/ts/product/88/4a/5c/7fa530e5e0ffd8bb57b3a044d8c6994b.jpg,126000,-0.3,1.0,4.7,39.0,,,,,
https://tiki.vn/xu-cat-p145288029.html?spid=145288030,Bước Chậm Lại Giữa Thế Gian Vội Vã (Tái Bản),Truyện ngắn - Tản văn - Tạp Văn Nước Ngoài,Truyện ngắn - Tản văn - Tạp Văn,https://salt.tikicdn.com/cache/750x750/ts/product/7a/18/8e/2f70de3ea7eec9c34f55e402254e27ed.jpg,68100,-0.2,48.0,4.8,4000.0,,,,,
https://tiki.vn/ky-luat-ban-than-p190238356.html?spid=190238357,Kỷ Luật Bản Thân,Sách tư duy - Kỹ năng sống,Sách kỹ năng sống,https://salt.tikicdn.com/cache/750x750/ts/product/09/3b/73/873b5e1f6e55c774b90062ad94e07940.png,111000,-0.41,3.0,4.7,200.0,,,,,
https://tiki.vn/rung-nauy-tai-ban-p114937969.html?spid=114937971,Rừng Nauy (Tái Bản),Tiểu Thuyết Phương Đông,Tiểu Thuyết,https://salt.tikicdn.com/cache/750x750/ts/product/65/1f/41/28eeabed8bb8877effcd00448e775382.jpg,132000,-0.12,6.0,5.0,1112.0,,,,,
https://tiki.vn/nghe-thuat-tinh-te-cua-viec-dech-quan-tam-tai-ban-p139303869.html?spid=139303870,Nghệ Thuật Tinh Tế Của Việc Đếch Quan Tâm (Tái Bản),Sách tư duy - Kỹ năng sống,Sách kỹ năng sống,https://salt.tikicdn.com/cache/750x750/ts/product/33/e6/a4/349a506f15a34548c5aa5101816ff010.jpg,96000,-0.25,5.0,5.0,534.0,,,,,
https://tiki.vn/cang-ky-luat-cang-tu-do-p68585576.html?spid=68585577,"Càng Kỷ Luật, Càng Tự Do",Sách tư duy - Kỹ năng sống,Sách kỹ năng sống,https://salt.tikicdn.com/cache/750x750/ts/product/25/c4/75/73b6578834e8aa8e5e071b64fab93d5d.jpg,76000,-0.3,21.0,4.8,3576.0,,,,,
https://tiki.vn/chia-se-tu-trai-tim-thich-phap-hoa-p275408103.html?spid=275408104,Chia Sẻ Từ Trái Tim (Thích Pháp Hòa),Phật giáo,Sách Tôn Giáo - Tâm Linh,https://salt.tikicdn.com/cache/750x750/ts/product/04/ba/c5/ffef8cfa07fda8f56f79a57fc51d6ea3.jpg,121000,-0.28,1.0,5.0,73.0,,,,,
https://tiki.vn/power-vs-force-truong-nang-luong-va-nhung-nhan-to-quyet-dinh-hanh-vi-cua-con-nguoi-tai-ban-p161008715.html?spid=161008716,Power Vs Force - Trường Năng Lượng Và Những Nhân Tố Quyết Định Hành Vi Của Con Người (Tái Bản),Kiến Thức Bách Khoa,Sách Kiến Thức Tổng Hợp,https://salt.tikicdn.com/cache/750x750/ts/product/37/54/79/b699efce8c0f4029f424019f561ef327.png,129000,-0.28,6.0,5.0,552.0,,,,,
https://tiki.vn/ky-nang-giao-tiep-dinh-cao-p58695343.html?spid=58695344,Kỹ Năng Giao Tiếp Đỉnh Cao,Sách tư duy - Kỹ năng sống,Sách kỹ năng sống,https://salt.tikicdn.com/cache/750x750/ts/product/9c/10/39/7588a0bc13a1be17f21155715ef25520.jpg,67000,-0.3,4.0,4.8,515.0,,,,,
https://tiki.vn/thao-tung-tam-ly-p273844978.html?spid=167940011,Thao Túng Tâm Lý,Sách tư duy - Kỹ năng sống,Sách kỹ năng sống,https://salt.tikicdn.com/cache/750x750/ts/product/90/49/97/ec88ab408c1997378344486c94dbac40.jpg,103090,-0.39,16.0,4.7,1410.0,,,,,
https://tiki.vn/38-la-thu-ty-phu-john-davison-rockefeller-gui-cho-con-trai-p253360429.html?spid=253360430,38 Lá Thư Tỷ Phú John Davison Rockefeller Gửi Cho Con Trai,Sách tư duy - Kỹ năng sống,Sách kỹ năng sống,https://salt.tikicdn.com/cache/750x750/ts/product/35/05/46/ae7685a2c56c9e580997a6a49053b517.jpg,102000,-0.35,3.0,5.0,221.0,,,,,
https://tiki.vn/tuong-lai-cua-dia-ly-p275945034.html?spid=275945037,Tương lai của địa lý,Lĩnh vực khác,Sách Kiến Thức Tổng Hợp,,200000,-0.2,102.0,5.0,9.0,,,,,
https://tiki.vn/38-la-thu-rockefeller-gui-cho-con-trai-p275044457.html?spid=275044458,38 lá thư Rockefeller gửi cho con trai,Sách hướng nghiệp,Sách kỹ năng sống,https://salt.tikicdn.com/cache/750x750/ts/product/38/3a/b8/889351d14ad7bedaee0ac4b07e289fcd.jpg,116000,-0.27,230.0,5.0,8.0,,,,,
https://tiki.vn/tu-vung-ielts-8-0-tu-vung-dat-de-dat-diem-cao-4-ky-nang-p161310103.html?spid=161310104,Từ Vựng IELTS 8.0 - Từ Vựng Đắt Để Đạt Điểm Cao 4 Kỹ Năng,Luyện thi IELTS,Sách Học Tiếng Anh,https://salt.tikicdn.com/cache/750x750/media/catalog/producttmp/74/27/ac/2850acdbc53e8a2b8514e69b10639503.jpg,94600,-0.3,4.0,5.0,525.0,,,,,
https://tiki.vn/bi-mat-cua-may-man-kho-nho-tai-ban-p79672197.html?spid=79672198,Bí Mật Của May Mắn (Khổ Nhỏ)(Tái Bản),Nghệ thuật sống,Sách kỹ năng mềm,https://salt.tikicdn.com/cache/750x750/ts/product/d6/d4/64/c28939d0a274a31de05dd34ba458de30.jpg,34700,-0.23,10.0,5.0,495.0,,,,,
https://tiki.vn/sach-hieu-ve-trai-tim-tai-ban-2019-minh-niem-p42230121.html?spid=42230122,Sách Hiểu Về Trái Tim (Tái Bản 2019) - Minh Niệm,Sách tư duy - Kỹ năng sống,Sách kỹ năng sống,https://salt.tikicdn.com/cache/750x750/media/catalog/producttmp/1b/d0/54/3f23c30055381c7e58af80a62ce28fa5.jpg,135000,-0.15,36.0,4.8,3694.0,,,,,
https://tiki.vn/48-nguyen-tac-chu-chot-cua-quyen-luc-tai-ban-2020-p50322710.html?spid=51830751,48 Nguyên Tắc Chủ Chốt Của Quyền Lực (Tái Bản 2020),Sách tư duy - Kỹ năng sống,Sách kỹ năng sống,https://salt.tikicdn.com/cache/750x750/ts/product/c5/2d/9b/246d06f4ceee964a87ac4bcc2c6b3138.jpg,156000,-0.22,8.0,5.0,925.0,,,,,
https://tiki.vn/sach-danh-cho-ceo-cmo-truong-phong-a-z-cach-xay-phong-marketing-online-do-luong-hieu-qua-bang-tung-chi-so-p275717681.html?spid=275717682,"Sách - Dành cho CEO, CMO, Trưởng phòng A-Z Cách xây phòng Marketing Online “Đo lường hiệu quả bằng từng chỉ số”",Sách Marketing - Bán hàng,Sách kinh tế,https://salt.tikicdn.com/cache/750x750/ts/product/62/e9/ba/a3622574ed07335336cd8091904bafa8.jpg,149000,,254.0,4.8,5.0,,,,,
https://tiki.vn/storytelling-with-data-ke-chuyen-thong-qua-du-lieu-cuon-cam-nang-huong-dan-truc-quan-hoa-du-lieu-p76013378.html?spid=76013379,Storytelling With Data - Kể Chuyện Thông Qua Dữ Liệu (Cuốn Cẩm Nang Hướng Dẫn Trực Quan Hóa Dữ Liệu),Sách kỹ năng làm việc,Sách kinh tế,https://salt.tikicdn.com/cache/750x750/ts/product/b6/0d/3b/305afbf42b8effda0a194b6f690cc2f1.jpg,240000,-0.25,12.0,5.0,1900.0,,,,,
https://tiki.vn/nhoc-miko-co-be-nhi-nhanh-38-p275882937.html?spid=275882940,Nhóc Miko! Cô bé nhí nhảnh 38,"Truyện Tranh, Manga, Comic",Sách tiếng Việt,https://salt.tikicdn.com/cache/750x750/ts/product/4f/2f/45/db146d1837af40ae9acd0d2596948929.jpg,22500,-0.1,96.0,5.0,6.0,,,,,
https://tiki.vn/bach-da-hanh-tai-ban-p103379147.html?spid=103379149,Bạch Dạ Hành (Tái Bản),Truyện trinh thám,Sách văn học,https://salt.tikicdn.com/cache/750x750/ts/product/80/67/af/753a66ef25086f469826f3ee4716f751.jpg,168000,-0.2,5.0,4.8,1149.0,,,,,
https://tiki.vn/sach-suc-manh-tiem-thuc-tai-ban-bia-mem-p107802183.html?spid=107802184,Sách Sức Mạnh Tiềm Thức (Tái Bản) (Bìa Mềm),Sách tư duy - Kỹ năng sống,Sách kỹ năng sống,https://salt.tikicdn.com/cache/750x750/ts/product/ea/80/aa/76487dc3664207976a100b4b1b932cd6.jpg,96100,-0.25,8.0,5.0,926.0,,,,,
https://tiki.vn/nhung-quy-luat-cua-ban-chat-con-nguoi-p55319105.html?spid=55319106,Những Quy Luật Của Bản Chất Con Người,Sách tư duy - Kỹ năng sống,Sách kỹ năng sống,https://salt.tikicdn.com/cache/750x750/ts/product/bd/fb/1d/3f31feb5b922c74e57923dffc5b86371.jpg,246000,-0.18,6.0,4.8,805.0,,,,,
https://tiki.vn/chuyen-con-meo-day-hai-au-bay-tai-ban-2019-p19792256.html?spid=19792257,Chuyện Con Mèo Dạy Hải Âu Bay (Tái Bản 2019),Văn học thiếu nhi,Sách thiếu nhi,https://salt.tikicdn.com/cache/750x750/ts/product/33/75/0c/53681da20bb737887e1177d9aa438a50.jpg,39200,-0.2,30.0,5.0,2772.0,,,,,
https://tiki.vn/thien-tai-ben-trai-ke-dien-ben-phai-tai-ban-p109017985.html?spid=109017987,"Thiên Tài Bên Trái, Kẻ Điên Bên Phải (Tái Bản)",Truyện ngắn - Tản văn - Tạp Văn Nước Ngoài,Truyện ngắn - Tản văn - Tạp Văn,https://salt.tikicdn.com/cache/750x750/ts/product/7c/e8/34/4d3636aadb471cad0bf2f45d681e4f23.jpg,125000,-0.3,26.0,4.8,5455.0,,,,,
https://tiki.vn/sapiens-luoc-su-loai-nguoi-tai-ban-2022-p184419723.html?spid=184419726,Sapiens Lược Sử Loài Người (Tái Bản 2022),Lịch Sử Thế Giới,Sách Lịch sử,https://salt.tikicdn.com/cache/750x750/ts/product/54/44/ec/20755ddad37cc1e7477f9a98aed12c77.jpg,201500,-0.33,3.0,5.0,350.0,,,,,
